development-1	FALSE	TRUE
development-2	FALSE	TRUE
development-3	FALSE	TRUE
development-4	FALSE	TRUE
development-5	TRUE	FALSE
development-6	TRUE	FALSE
development-7	TRUE	FALSE
development-8	FALSE	TRUE
development-9	TRUE	FALSE
development-10	FALSE	TRUE
development-11	FALSE	TRUE
development-12	FALSE	TRUE
development-13	TRUE	FALSE
development-14	FALSE	TRUE
development-15	TRUE	FALSE
development-16	FALSE	TRUE
development-17	FALSE	TRUE
development-18	TRUE	FALSE
development-19	TRUE	FALSE
development-20	FALSE	TRUE
development-21	FALSE	TRUE
development-22	TRUE	FALSE
development-23	TRUE	FALSE
development-24	TRUE	FALSE
development-25	FALSE	TRUE
development-26	FALSE	TRUE
development-27	FALSE	TRUE
development-28	TRUE	FALSE
development-29	FALSE	TRUE
development-30	TRUE	FALSE
development-31	FALSE	TRUE
development-32	FALSE	TRUE
development-33	FALSE	TRUE
development-34	TRUE	FALSE
development-35	FALSE	TRUE
development-36	FALSE	TRUE
development-37	FALSE	TRUE
development-38	TRUE	FALSE
development-39	TRUE	FALSE
development-40	FALSE	TRUE
development-41	FALSE	FALSE
development-42	FALSE	TRUE
development-43	FALSE	TRUE
development-44	FALSE	TRUE
development-45	FALSE	TRUE
development-46	FALSE	TRUE
development-47	FALSE	TRUE
development-48	FALSE	TRUE
development-49	FALSE	TRUE
development-50	FALSE	TRUE
development-51	FALSE	FALSE
development-52	FALSE	TRUE
development-53	TRUE	FALSE
development-54	FALSE	TRUE
development-55	FALSE	TRUE
development-56	FALSE	TRUE
development-57	FALSE	TRUE
development-58	TRUE	FALSE
development-59	FALSE	TRUE
development-60	TRUE	FALSE
development-61	FALSE	TRUE
development-62	FALSE	FALSE
development-63	FALSE	TRUE
development-64	FALSE	TRUE
development-65	TRUE	FALSE
development-66	FALSE	TRUE
development-67	FALSE	TRUE
development-68	TRUE	FALSE
development-69	FALSE	TRUE
development-70	FALSE	TRUE
development-71	FALSE	TRUE
development-72	TRUE	FALSE
development-73	FALSE	TRUE
development-74	TRUE	FALSE
development-75	FALSE	FALSE
development-76	FALSE	TRUE
development-77	FALSE	TRUE
development-78	FALSE	TRUE
development-79	FALSE	TRUE
development-80	FALSE	TRUE
development-81	FALSE	TRUE
development-82	TRUE	FALSE
development-83	TRUE	FALSE
development-84	FALSE	TRUE
development-85	TRUE	FALSE
development-86	FALSE	TRUE
development-87	FALSE	TRUE
development-88	FALSE	TRUE
development-89	FALSE	TRUE
development-90	FALSE	TRUE
development-91	FALSE	TRUE
development-92	FALSE	FALSE
development-93	FALSE	TRUE
development-94	FALSE	TRUE
development-95	TRUE	FALSE
development-96	FALSE	TRUE
development-97	FALSE	TRUE
development-98	FALSE	TRUE
development-99	FALSE	TRUE
development-100	TRUE	FALSE
development-101	FALSE	TRUE
development-102	TRUE	FALSE
development-103	FALSE	TRUE
development-104	FALSE	TRUE
development-105	TRUE	FALSE
development-106	FALSE	TRUE
development-107	TRUE	FALSE
development-108	FALSE	TRUE
development-109	FALSE	TRUE
development-110	FALSE	TRUE
development-111	FALSE	TRUE
development-112	FALSE	TRUE
development-113	FALSE	TRUE
development-114	FALSE	TRUE
development-115	FALSE	TRUE
development-116	FALSE	TRUE
development-117	FALSE	TRUE
development-118	TRUE	FALSE
development-119	FALSE	TRUE
development-120	TRUE	FALSE
development-121	FALSE	TRUE
development-122	FALSE	TRUE
development-123	FALSE	TRUE
development-124	FALSE	TRUE
development-125	FALSE	TRUE
development-126	FALSE	TRUE
development-127	FALSE	TRUE
development-128	FALSE	TRUE
development-129	FALSE	TRUE
development-130	FALSE	TRUE
development-131	FALSE	TRUE
development-132	FALSE	TRUE
development-133	FALSE	TRUE
development-134	FALSE	FALSE
development-135	FALSE	TRUE
development-136	TRUE	FALSE
development-137	TRUE	FALSE
development-138	FALSE	TRUE
development-139	FALSE	TRUE
development-140	TRUE	FALSE
development-141	TRUE	FALSE
development-142	TRUE	FALSE
development-143	FALSE	TRUE
development-144	FALSE	TRUE
development-145	FALSE	TRUE
development-146	TRUE	FALSE
development-147	FALSE	FALSE
development-148	TRUE	FALSE
development-149	FALSE	TRUE
development-150	TRUE	FALSE
development-151	FALSE	TRUE
development-152	FALSE	TRUE
development-153	FALSE	FALSE
development-154	TRUE	FALSE
development-155	TRUE	FALSE
development-156	FALSE	TRUE
development-157	FALSE	TRUE
development-158	TRUE	FALSE
development-159	TRUE	FALSE
development-160	FALSE	TRUE
development-161	FALSE	TRUE
development-162	FALSE	TRUE
development-163	FALSE	TRUE
development-164	FALSE	TRUE
development-165	FALSE	TRUE
development-166	TRUE	FALSE
development-167	FALSE	TRUE
development-168	FALSE	TRUE
development-169	FALSE	TRUE
development-170	FALSE	TRUE
development-171	TRUE	FALSE
development-172	FALSE	TRUE
development-173	TRUE	FALSE
development-174	FALSE	TRUE
development-175	FALSE	TRUE
development-176	FALSE	TRUE
development-177	TRUE	FALSE
development-178	TRUE	FALSE
development-179	FALSE	TRUE
development-180	TRUE	FALSE
development-181	FALSE	TRUE
development-182	TRUE	FALSE
development-183	FALSE	TRUE
development-184	FALSE	TRUE
development-185	FALSE	TRUE
development-186	FALSE	TRUE
development-187	FALSE	TRUE
development-188	FALSE	TRUE
development-189	FALSE	TRUE
development-190	FALSE	TRUE
development-191	FALSE	TRUE
development-192	FALSE	TRUE
development-193	FALSE	TRUE
development-194	FALSE	TRUE
development-195	FALSE	TRUE
development-196	FALSE	TRUE
development-197	FALSE	TRUE
development-198	TRUE	FALSE
development-199	TRUE	FALSE
development-200	FALSE	TRUE
development-201	FALSE	TRUE
development-202	FALSE	TRUE
development-203	FALSE	TRUE
development-204	FALSE	TRUE
development-205	FALSE	TRUE
development-206	TRUE	FALSE
development-207	FALSE	TRUE
development-208	FALSE	TRUE
development-209	TRUE	FALSE
development-210	FALSE	TRUE
development-211	FALSE	TRUE
development-212	FALSE	TRUE
development-213	FALSE	TRUE
development-214	FALSE	TRUE
development-215	TRUE	FALSE
development-216	FALSE	TRUE
development-217	FALSE	TRUE
development-218	FALSE	TRUE
development-219	FALSE	TRUE
development-220	FALSE	TRUE
development-221	FALSE	TRUE
development-222	TRUE	FALSE
development-223	TRUE	FALSE
development-224	TRUE	FALSE
development-225	TRUE	FALSE
development-226	FALSE	TRUE
development-227	FALSE	TRUE
development-228	FALSE	TRUE
development-229	FALSE	TRUE
development-230	FALSE	TRUE
development-231	FALSE	TRUE
development-232	FALSE	TRUE
development-233	TRUE	FALSE
development-234	FALSE	TRUE
development-235	TRUE	FALSE
development-236	FALSE	TRUE
development-237	FALSE	TRUE
development-238	TRUE	FALSE
development-239	TRUE	FALSE
development-240	FALSE	TRUE
development-241	FALSE	TRUE
development-242	FALSE	TRUE
development-243	FALSE	TRUE
development-244	FALSE	TRUE
development-245	FALSE	TRUE
development-246	TRUE	FALSE
development-247	TRUE	FALSE
development-248	TRUE	FALSE
development-249	FALSE	TRUE
development-250	TRUE	FALSE
development-251	FALSE	TRUE
development-252	FALSE	TRUE
development-253	FALSE	TRUE
development-254	FALSE	TRUE
development-255	FALSE	TRUE
development-256	FALSE	TRUE
development-257	TRUE	FALSE
development-258	TRUE	FALSE
development-259	FALSE	TRUE
development-260	FALSE	TRUE
development-261	FALSE	TRUE
development-262	FALSE	TRUE
development-263	FALSE	TRUE
development-264	FALSE	TRUE
development-265	FALSE	TRUE
development-266	TRUE	FALSE
development-267	FALSE	TRUE
development-268	TRUE	FALSE
development-269	TRUE	FALSE
development-270	FALSE	TRUE
development-271	TRUE	FALSE
development-272	FALSE	TRUE
development-273	TRUE	FALSE
development-274	FALSE	TRUE
development-275	FALSE	TRUE
development-276	TRUE	FALSE
development-277	FALSE	TRUE
development-278	FALSE	TRUE
development-279	TRUE	FALSE
development-280	TRUE	FALSE
development-281	FALSE	TRUE
development-282	FALSE	TRUE
development-283	FALSE	TRUE
development-284	FALSE	TRUE
development-285	FALSE	TRUE
development-286	TRUE	FALSE
development-287	FALSE	TRUE
development-288	FALSE	TRUE
development-289	FALSE	TRUE
development-290	FALSE	FALSE
development-291	TRUE	FALSE
development-292	TRUE	FALSE
development-293	FALSE	TRUE
development-294	FALSE	TRUE
development-295	FALSE	TRUE
development-296	TRUE	FALSE
development-297	TRUE	FALSE
development-298	TRUE	FALSE
development-299	TRUE	FALSE
development-300	FALSE	TRUE
development-301	FALSE	TRUE
development-302	FALSE	TRUE
development-303	FALSE	TRUE
development-304	FALSE	TRUE
development-305	FALSE	TRUE
development-306	FALSE	TRUE
development-307	TRUE	FALSE
development-308	TRUE	FALSE
development-309	FALSE	TRUE
development-310	FALSE	TRUE
development-311	FALSE	TRUE
development-312	TRUE	FALSE
development-313	TRUE	FALSE
development-314	FALSE	TRUE
development-315	FALSE	TRUE
development-316	FALSE	TRUE
development-317	FALSE	TRUE
development-318	FALSE	TRUE
development-319	FALSE	TRUE
development-320	FALSE	TRUE
development-321	FALSE	TRUE
development-322	FALSE	TRUE
development-323	TRUE	FALSE
development-324	FALSE	TRUE
development-325	FALSE	TRUE
development-326	TRUE	FALSE
development-327	TRUE	FALSE
development-328	FALSE	TRUE
development-329	FALSE	TRUE
development-330	TRUE	FALSE
development-331	TRUE	FALSE
development-332	FALSE	TRUE
development-333	FALSE	TRUE
development-334	TRUE	FALSE
development-335	TRUE	FALSE
development-336	FALSE	TRUE
development-337	FALSE	TRUE
development-338	TRUE	FALSE
development-339	TRUE	FALSE
development-340	TRUE	FALSE
development-341	FALSE	TRUE
development-342	TRUE	FALSE
development-343	FALSE	TRUE
development-344	TRUE	FALSE
development-345	FALSE	TRUE
development-346	FALSE	FALSE
development-347	FALSE	TRUE
development-348	FALSE	TRUE
development-349	FALSE	TRUE
development-350	FALSE	TRUE
development-351	TRUE	FALSE
development-352	TRUE	FALSE
development-353	FALSE	TRUE
development-354	TRUE	FALSE
development-355	FALSE	TRUE
development-356	FALSE	TRUE
development-357	TRUE	FALSE
development-358	FALSE	TRUE
development-359	FALSE	TRUE
development-360	TRUE	FALSE
development-361	FALSE	TRUE
development-362	FALSE	TRUE
development-363	FALSE	TRUE
development-364	TRUE	FALSE
development-365	FALSE	TRUE
development-366	FALSE	TRUE
development-367	FALSE	TRUE
development-368	FALSE	TRUE
development-369	FALSE	TRUE
development-370	FALSE	TRUE
development-371	FALSE	TRUE
development-372	FALSE	TRUE
development-373	TRUE	FALSE
development-374	FALSE	TRUE
development-375	FALSE	TRUE
development-376	TRUE	FALSE
development-377	FALSE	FALSE
development-378	FALSE	TRUE
development-379	TRUE	FALSE
development-380	TRUE	FALSE
development-381	FALSE	TRUE
development-382	TRUE	FALSE
development-383	FALSE	TRUE
development-384	FALSE	TRUE
development-385	FALSE	TRUE
development-386	TRUE	FALSE
development-387	TRUE	FALSE
development-388	FALSE	TRUE
development-389	FALSE	TRUE
development-390	TRUE	FALSE
development-391	TRUE	FALSE
development-392	TRUE	FALSE
development-393	FALSE	TRUE
development-394	FALSE	TRUE
development-395	FALSE	TRUE
development-396	FALSE	TRUE
development-397	FALSE	TRUE
development-398	FALSE	TRUE
development-399	TRUE	FALSE
development-400	FALSE	TRUE
development-401	TRUE	FALSE
development-402	FALSE	TRUE
development-403	FALSE	TRUE
development-404	FALSE	FALSE
development-405	TRUE	FALSE
development-406	TRUE	FALSE
development-407	TRUE	FALSE
development-408	TRUE	FALSE
development-409	TRUE	FALSE
development-410	TRUE	FALSE
development-411	TRUE	FALSE
development-412	TRUE	FALSE
development-413	FALSE	TRUE
development-414	FALSE	TRUE
development-415	FALSE	TRUE
development-416	FALSE	TRUE
development-417	FALSE	TRUE
development-418	FALSE	TRUE
development-419	TRUE	FALSE
development-420	TRUE	FALSE
development-421	TRUE	FALSE
development-422	FALSE	TRUE
development-423	TRUE	FALSE
development-424	FALSE	TRUE
development-425	TRUE	FALSE
development-426	FALSE	TRUE
development-427	FALSE	TRUE
development-428	TRUE	FALSE
development-429	TRUE	FALSE
development-430	TRUE	FALSE
development-431	TRUE	FALSE
development-432	FALSE	TRUE
development-433	FALSE	TRUE
development-434	FALSE	TRUE
development-435	FALSE	TRUE
development-436	FALSE	TRUE
development-437	FALSE	TRUE
development-438	TRUE	FALSE
development-439	FALSE	TRUE
development-440	FALSE	TRUE
development-441	TRUE	FALSE
development-442	FALSE	TRUE
development-443	FALSE	TRUE
development-444	TRUE	FALSE
development-445	TRUE	FALSE
development-446	FALSE	TRUE
development-447	TRUE	FALSE
development-448	FALSE	TRUE
development-449	FALSE	TRUE
development-450	FALSE	TRUE
development-451	FALSE	TRUE
development-452	TRUE	FALSE
development-453	FALSE	TRUE
development-454	TRUE	FALSE
development-455	TRUE	FALSE
development-456	FALSE	TRUE
development-457	FALSE	TRUE
development-458	FALSE	TRUE
development-459	TRUE	FALSE
development-460	FALSE	TRUE
development-461	FALSE	TRUE
development-462	FALSE	TRUE
development-463	TRUE	FALSE
development-464	FALSE	TRUE
development-465	FALSE	TRUE
development-466	FALSE	TRUE
development-467	TRUE	FALSE
development-468	FALSE	TRUE
development-469	FALSE	TRUE
development-470	FALSE	TRUE
development-471	FALSE	TRUE
development-472	TRUE	FALSE
development-473	FALSE	TRUE
development-474	FALSE	TRUE
development-475	FALSE	TRUE
development-476	FALSE	TRUE
development-477	FALSE	TRUE
development-478	FALSE	TRUE
development-479	FALSE	TRUE
development-480	FALSE	TRUE
development-481	FALSE	TRUE
development-482	TRUE	FALSE
development-483	FALSE	FALSE
development-484	FALSE	TRUE
development-485	FALSE	TRUE
development-486	FALSE	TRUE
development-487	TRUE	FALSE
development-488	FALSE	TRUE
development-489	TRUE	FALSE
development-490	TRUE	FALSE
development-491	FALSE	TRUE
development-492	FALSE	TRUE
development-493	FALSE	TRUE
development-494	FALSE	TRUE
development-495	FALSE	TRUE
development-496	FALSE	TRUE
development-497	FALSE	TRUE
development-498	FALSE	TRUE
development-499	FALSE	TRUE
development-500	TRUE	FALSE
development-501	FALSE	TRUE
development-502	FALSE	TRUE
development-503	TRUE	FALSE
development-504	TRUE	FALSE
development-505	TRUE	FALSE
development-506	TRUE	FALSE
development-507	FALSE	TRUE
development-508	FALSE	TRUE
development-509	FALSE	TRUE
development-510	FALSE	TRUE
development-511	TRUE	FALSE
development-512	FALSE	TRUE
development-513	FALSE	TRUE
development-514	TRUE	FALSE
development-515	FALSE	TRUE
development-516	FALSE	TRUE
development-517	FALSE	TRUE
development-518	FALSE	TRUE
development-519	TRUE	FALSE
development-520	FALSE	TRUE
development-521	FALSE	TRUE
development-522	TRUE	FALSE
development-523	FALSE	TRUE
development-524	FALSE	TRUE
development-525	TRUE	FALSE
development-526	FALSE	TRUE
development-527	FALSE	TRUE
development-528	FALSE	TRUE
development-529	FALSE	TRUE
development-530	FALSE	TRUE
development-531	FALSE	TRUE
development-532	FALSE	TRUE
development-533	FALSE	TRUE
development-534	FALSE	TRUE
development-535	TRUE	FALSE
development-536	TRUE	FALSE
development-537	FALSE	TRUE
development-538	FALSE	TRUE
development-539	TRUE	FALSE
development-540	FALSE	TRUE
development-541	FALSE	TRUE
development-542	FALSE	TRUE
development-543	TRUE	FALSE
development-544	TRUE	FALSE
development-545	FALSE	TRUE
development-546	TRUE	FALSE
development-547	FALSE	TRUE
development-548	TRUE	FALSE
development-549	FALSE	TRUE
development-550	FALSE	TRUE
development-551	FALSE	TRUE
development-552	FALSE	TRUE
development-553	TRUE	FALSE
development-554	FALSE	TRUE
development-555	FALSE	TRUE
development-556	FALSE	TRUE
development-557	FALSE	TRUE
development-558	FALSE	TRUE
development-559	TRUE	FALSE
development-560	TRUE	FALSE
development-561	FALSE	TRUE
development-562	FALSE	TRUE
development-563	FALSE	TRUE
development-564	FALSE	TRUE
development-565	FALSE	TRUE
development-566	TRUE	FALSE
development-567	FALSE	TRUE
development-568	FALSE	TRUE
development-569	FALSE	TRUE
development-570	TRUE	FALSE
development-571	FALSE	TRUE
development-572	FALSE	TRUE
development-573	FALSE	TRUE
development-574	FALSE	TRUE
development-575	FALSE	TRUE
development-576	FALSE	TRUE
development-577	FALSE	TRUE
development-578	FALSE	TRUE
development-579	FALSE	TRUE
development-580	TRUE	FALSE
development-581	TRUE	FALSE
development-582	TRUE	FALSE
development-583	FALSE	TRUE
development-584	TRUE	FALSE
development-585	FALSE	TRUE
development-586	TRUE	FALSE
development-587	TRUE	FALSE
development-588	FALSE	TRUE
development-589	FALSE	TRUE
development-590	FALSE	FALSE
development-591	TRUE	FALSE
development-592	FALSE	TRUE
development-593	TRUE	FALSE
development-594	TRUE	FALSE
development-595	FALSE	TRUE
development-596	FALSE	TRUE
development-597	FALSE	TRUE
development-598	TRUE	FALSE
development-599	TRUE	FALSE
development-600	FALSE	TRUE
development-601	FALSE	TRUE
development-602	FALSE	TRUE
development-603	FALSE	TRUE
development-604	FALSE	TRUE
development-605	FALSE	TRUE
development-606	FALSE	TRUE
development-607	FALSE	TRUE
development-608	TRUE	FALSE
development-609	FALSE	TRUE
development-610	FALSE	TRUE
development-611	TRUE	FALSE
development-612	FALSE	TRUE
development-613	FALSE	TRUE
development-614	FALSE	TRUE
development-615	TRUE	FALSE
development-616	FALSE	TRUE
development-617	FALSE	TRUE
development-618	FALSE	TRUE
development-619	TRUE	FALSE
development-620	FALSE	TRUE
development-621	FALSE	TRUE
development-622	FALSE	TRUE
development-623	FALSE	TRUE
development-624	TRUE	FALSE
development-625	FALSE	TRUE
development-626	FALSE	TRUE
development-627	FALSE	TRUE
development-628	FALSE	TRUE
development-629	FALSE	TRUE
development-630	FALSE	TRUE
development-631	TRUE	FALSE
development-632	FALSE	FALSE
development-633	FALSE	TRUE
development-634	FALSE	TRUE
development-635	FALSE	TRUE
development-636	FALSE	TRUE
development-637	FALSE	TRUE
development-638	FALSE	TRUE
development-639	FALSE	TRUE
development-640	FALSE	TRUE
development-641	FALSE	TRUE
development-642	FALSE	TRUE
development-643	FALSE	TRUE
development-644	FALSE	TRUE
development-645	FALSE	TRUE
development-646	FALSE	TRUE
development-647	TRUE	FALSE
development-648	TRUE	FALSE
development-649	TRUE	FALSE
development-650	FALSE	TRUE
development-651	FALSE	TRUE
development-652	TRUE	FALSE
development-653	FALSE	TRUE
development-654	FALSE	TRUE
development-655	FALSE	TRUE
development-656	FALSE	TRUE
development-657	TRUE	FALSE
development-658	FALSE	TRUE
development-659	TRUE	FALSE
development-660	TRUE	FALSE
development-661	TRUE	FALSE
development-662	TRUE	FALSE
development-663	FALSE	TRUE
development-664	FALSE	TRUE
development-665	TRUE	FALSE
development-666	TRUE	FALSE
development-667	TRUE	FALSE
development-668	FALSE	TRUE
development-669	FALSE	TRUE
development-670	FALSE	TRUE
development-671	FALSE	TRUE
development-672	FALSE	TRUE
development-673	FALSE	TRUE
development-674	TRUE	FALSE
development-675	FALSE	TRUE
development-676	TRUE	FALSE
development-677	FALSE	TRUE
development-678	FALSE	TRUE
development-679	FALSE	TRUE
development-680	FALSE	TRUE
development-681	FALSE	TRUE
development-682	FALSE	TRUE
development-683	FALSE	TRUE
development-684	TRUE	FALSE
development-685	FALSE	TRUE
development-686	TRUE	FALSE
development-687	FALSE	TRUE
development-688	FALSE	TRUE
development-689	FALSE	TRUE
development-690	TRUE	FALSE
development-691	TRUE	FALSE
development-692	FALSE	TRUE
development-693	FALSE	TRUE
development-694	FALSE	TRUE
development-695	FALSE	TRUE
development-696	TRUE	FALSE
development-697	FALSE	TRUE
development-698	TRUE	FALSE
development-699	TRUE	FALSE
development-700	TRUE	FALSE
development-701	FALSE	TRUE
development-702	FALSE	TRUE
development-703	TRUE	FALSE
development-704	TRUE	FALSE
development-705	TRUE	FALSE
development-706	FALSE	TRUE
development-707	FALSE	TRUE
development-708	FALSE	TRUE
development-709	TRUE	FALSE
development-710	FALSE	TRUE
development-711	FALSE	TRUE
development-712	FALSE	TRUE
development-713	FALSE	TRUE
development-714	FALSE	TRUE
development-715	FALSE	TRUE
development-716	TRUE	FALSE
development-717	FALSE	TRUE
development-718	FALSE	TRUE
development-719	FALSE	TRUE
development-720	FALSE	TRUE
development-721	FALSE	TRUE
development-722	FALSE	TRUE
development-723	FALSE	TRUE
development-724	FALSE	TRUE
development-725	TRUE	FALSE
development-726	FALSE	TRUE
development-727	TRUE	FALSE
development-728	FALSE	TRUE
development-729	FALSE	TRUE
development-730	TRUE	FALSE
development-731	FALSE	TRUE
development-732	FALSE	TRUE
development-733	FALSE	TRUE
development-734	FALSE	TRUE
development-735	FALSE	TRUE
development-736	FALSE	FALSE
development-737	FALSE	TRUE
development-738	FALSE	TRUE
development-739	FALSE	TRUE
development-740	FALSE	TRUE
development-741	TRUE	FALSE
development-742	FALSE	TRUE
development-743	FALSE	TRUE
development-744	FALSE	TRUE
development-745	FALSE	TRUE
development-746	TRUE	FALSE
development-747	FALSE	TRUE
development-748	FALSE	TRUE
development-749	FALSE	TRUE
development-750	FALSE	TRUE
development-751	FALSE	TRUE
development-752	FALSE	TRUE
development-753	FALSE	TRUE
development-754	FALSE	TRUE
development-755	TRUE	FALSE
development-756	FALSE	TRUE
development-757	FALSE	TRUE
development-758	FALSE	TRUE
development-759	FALSE	TRUE
development-760	FALSE	TRUE
development-761	FALSE	TRUE
development-762	FALSE	TRUE
development-763	FALSE	TRUE
development-764	FALSE	TRUE
development-765	FALSE	TRUE
development-766	FALSE	TRUE
development-767	FALSE	TRUE
development-768	FALSE	TRUE
development-769	FALSE	TRUE
development-770	TRUE	FALSE
development-771	TRUE	FALSE
development-772	FALSE	TRUE
development-773	FALSE	TRUE
development-774	FALSE	TRUE
development-775	FALSE	TRUE
development-776	TRUE	FALSE
development-777	FALSE	TRUE
development-778	TRUE	FALSE
development-779	FALSE	TRUE
development-780	FALSE	TRUE
development-781	FALSE	TRUE
development-782	FALSE	TRUE
development-783	TRUE	FALSE
development-784	FALSE	TRUE
development-785	FALSE	FALSE
development-786	FALSE	FALSE
development-787	FALSE	FALSE
development-788	FALSE	TRUE
development-789	FALSE	TRUE
development-790	FALSE	TRUE
development-791	FALSE	TRUE
development-792	FALSE	TRUE
development-793	TRUE	FALSE
development-794	FALSE	TRUE
development-795	FALSE	TRUE
development-796	FALSE	TRUE
development-797	FALSE	TRUE
development-798	FALSE	TRUE
development-799	FALSE	TRUE
development-800	FALSE	TRUE
development-801	TRUE	FALSE
development-802	TRUE	FALSE
development-803	FALSE	TRUE
development-804	FALSE	TRUE
development-805	FALSE	TRUE
development-806	FALSE	TRUE
development-807	FALSE	TRUE
development-808	FALSE	TRUE
development-809	TRUE	FALSE
development-810	FALSE	TRUE
development-811	FALSE	TRUE
development-812	FALSE	TRUE
development-813	TRUE	FALSE
development-814	FALSE	TRUE
development-815	FALSE	TRUE
development-816	FALSE	TRUE
development-817	FALSE	TRUE
development-818	FALSE	TRUE
development-819	FALSE	TRUE
development-820	TRUE	FALSE
development-821	FALSE	TRUE
development-822	TRUE	FALSE
development-823	FALSE	TRUE
development-824	FALSE	TRUE
development-825	FALSE	TRUE
development-826	TRUE	FALSE
development-827	FALSE	TRUE
development-828	FALSE	TRUE
development-829	FALSE	TRUE
development-830	TRUE	FALSE
development-831	FALSE	TRUE
development-832	TRUE	FALSE
development-833	FALSE	TRUE
development-834	TRUE	FALSE
development-835	FALSE	TRUE
development-836	TRUE	FALSE
development-837	FALSE	TRUE
development-838	FALSE	TRUE
development-839	FALSE	TRUE
development-840	FALSE	TRUE
development-841	FALSE	TRUE
development-842	FALSE	TRUE
development-843	TRUE	FALSE
development-844	FALSE	TRUE
development-845	FALSE	TRUE
development-846	FALSE	TRUE
development-847	TRUE	FALSE
development-848	FALSE	TRUE
development-849	FALSE	TRUE
development-850	FALSE	TRUE
development-851	TRUE	FALSE
development-852	FALSE	TRUE
development-853	TRUE	FALSE
development-854	FALSE	TRUE
development-855	TRUE	FALSE
development-856	FALSE	TRUE
development-857	TRUE	FALSE
development-858	TRUE	FALSE
development-859	FALSE	TRUE
development-860	FALSE	TRUE
development-861	FALSE	TRUE
development-862	TRUE	FALSE
development-863	FALSE	TRUE
development-864	FALSE	TRUE
development-865	FALSE	TRUE
development-866	FALSE	TRUE
development-867	FALSE	TRUE
development-868	FALSE	TRUE
development-869	FALSE	TRUE
development-870	TRUE	FALSE
development-871	FALSE	TRUE
development-872	FALSE	TRUE
development-873	FALSE	TRUE
development-874	TRUE	FALSE
development-875	FALSE	TRUE
development-876	FALSE	TRUE
development-877	FALSE	TRUE
development-878	FALSE	TRUE
development-879	FALSE	TRUE
development-880	FALSE	TRUE
development-881	TRUE	FALSE
development-882	TRUE	FALSE
development-883	FALSE	TRUE
development-884	FALSE	TRUE
development-885	TRUE	FALSE
development-886	FALSE	TRUE
development-887	FALSE	TRUE
development-888	TRUE	FALSE
development-889	TRUE	FALSE
development-890	FALSE	TRUE
development-891	FALSE	TRUE
development-892	FALSE	TRUE
development-893	TRUE	FALSE
development-894	FALSE	TRUE
development-895	FALSE	TRUE
development-896	FALSE	TRUE
development-897	FALSE	TRUE
development-898	FALSE	TRUE
development-899	TRUE	FALSE
development-900	FALSE	TRUE
development-901	TRUE	FALSE
development-902	FALSE	TRUE
development-903	TRUE	FALSE
development-904	TRUE	FALSE
development-905	TRUE	FALSE
development-906	TRUE	FALSE
development-907	FALSE	TRUE
development-908	FALSE	TRUE
development-909	FALSE	TRUE
development-910	TRUE	FALSE
development-911	TRUE	FALSE
development-912	FALSE	TRUE
development-913	TRUE	FALSE
development-914	FALSE	TRUE
development-915	TRUE	FALSE
development-916	TRUE	FALSE
development-917	FALSE	TRUE
development-918	FALSE	TRUE
development-919	FALSE	TRUE
development-920	TRUE	FALSE
development-921	FALSE	TRUE
development-922	FALSE	TRUE
development-923	FALSE	TRUE
development-924	FALSE	TRUE
development-925	FALSE	TRUE
development-926	FALSE	TRUE
development-927	FALSE	TRUE
development-928	TRUE	FALSE
development-929	TRUE	FALSE
development-930	FALSE	TRUE
development-931	FALSE	TRUE
development-932	FALSE	TRUE
development-933	TRUE	FALSE
development-934	TRUE	FALSE
development-935	TRUE	FALSE
development-936	FALSE	FALSE
development-937	FALSE	TRUE
development-938	TRUE	FALSE
development-939	FALSE	TRUE
development-940	TRUE	FALSE
development-941	FALSE	TRUE
development-942	TRUE	FALSE
development-943	TRUE	FALSE
development-944	FALSE	TRUE
development-945	FALSE	TRUE
development-946	TRUE	FALSE
development-947	FALSE	TRUE
development-948	FALSE	TRUE
development-949	FALSE	TRUE
development-950	TRUE	FALSE
development-951	FALSE	TRUE
development-952	FALSE	TRUE
development-953	FALSE	TRUE
development-954	FALSE	TRUE
development-955	FALSE	TRUE
development-956	FALSE	TRUE
development-957	TRUE	FALSE
development-958	TRUE	FALSE
development-959	FALSE	TRUE
development-960	TRUE	FALSE
development-961	FALSE	TRUE
development-962	FALSE	TRUE
development-963	TRUE	FALSE
development-964	FALSE	TRUE
development-965	FALSE	TRUE
development-966	FALSE	TRUE
development-967	FALSE	TRUE
development-968	FALSE	TRUE
development-969	FALSE	TRUE
development-970	FALSE	TRUE
development-971	TRUE	FALSE
development-972	FALSE	TRUE
development-973	FALSE	TRUE
development-974	FALSE	TRUE
development-975	FALSE	TRUE
development-976	FALSE	TRUE
development-977	FALSE	TRUE
development-978	FALSE	TRUE
development-979	FALSE	TRUE
development-980	FALSE	TRUE
development-981	TRUE	FALSE
development-982	FALSE	TRUE
development-983	FALSE	TRUE
development-984	FALSE	TRUE
development-985	FALSE	TRUE
development-986	TRUE	FALSE
development-987	FALSE	TRUE
development-988	TRUE	FALSE
development-989	TRUE	FALSE
development-990	TRUE	FALSE
development-991	FALSE	TRUE
development-992	FALSE	TRUE
development-993	FALSE	TRUE
development-994	FALSE	TRUE
development-995	TRUE	FALSE
development-996	FALSE	TRUE
development-997	FALSE	TRUE
development-998	FALSE	TRUE
development-999	TRUE	FALSE
development-1000	FALSE	TRUE
development-1001	FALSE	TRUE
development-1002	FALSE	TRUE
development-1003	FALSE	TRUE
development-1004	TRUE	FALSE
development-1005	TRUE	FALSE
development-1006	FALSE	TRUE
development-1007	FALSE	TRUE
development-1008	TRUE	FALSE
development-1009	TRUE	FALSE
development-1010	TRUE	FALSE
development-1011	FALSE	TRUE
development-1012	FALSE	TRUE
development-1013	FALSE	TRUE
development-1014	TRUE	FALSE
development-1015	FALSE	TRUE
development-1016	FALSE	TRUE
development-1017	TRUE	FALSE
development-1018	FALSE	TRUE
development-1019	FALSE	TRUE
development-1020	TRUE	FALSE
development-1021	FALSE	TRUE
development-1022	TRUE	FALSE
development-1023	FALSE	TRUE
development-1024	FALSE	TRUE
development-1025	FALSE	TRUE
development-1026	FALSE	TRUE
development-1027	FALSE	TRUE
development-1028	FALSE	TRUE
development-1029	TRUE	FALSE
development-1030	FALSE	TRUE
development-1031	FALSE	TRUE
development-1032	TRUE	FALSE
development-1033	TRUE	FALSE
development-1034	FALSE	TRUE
development-1035	FALSE	TRUE
development-1036	FALSE	TRUE
development-1037	FALSE	TRUE
development-1038	FALSE	TRUE
development-1039	FALSE	TRUE
development-1040	TRUE	FALSE
development-1041	TRUE	FALSE
development-1042	FALSE	TRUE
development-1043	FALSE	TRUE
development-1044	TRUE	FALSE
development-1045	FALSE	TRUE
development-1046	TRUE	FALSE
development-1047	FALSE	TRUE
development-1048	TRUE	FALSE
development-1049	FALSE	TRUE
development-1050	FALSE	TRUE
development-1051	TRUE	FALSE
development-1052	FALSE	TRUE
development-1053	FALSE	TRUE
development-1054	TRUE	FALSE
development-1055	TRUE	FALSE
development-1056	FALSE	TRUE
development-1057	FALSE	TRUE
development-1058	TRUE	FALSE
development-1059	FALSE	TRUE
development-1060	FALSE	TRUE
development-1061	TRUE	FALSE
development-1062	FALSE	TRUE
development-1063	TRUE	FALSE
development-1064	FALSE	TRUE
development-1065	FALSE	TRUE
development-1066	TRUE	FALSE
development-1067	FALSE	TRUE
development-1068	TRUE	FALSE
development-1069	FALSE	TRUE
development-1070	FALSE	TRUE
development-1071	TRUE	FALSE
development-1072	FALSE	TRUE
development-1073	FALSE	TRUE
development-1074	FALSE	TRUE
development-1075	TRUE	FALSE
development-1076	FALSE	TRUE
development-1077	FALSE	TRUE
development-1078	FALSE	TRUE
development-1079	FALSE	TRUE
development-1080	FALSE	TRUE
development-1081	FALSE	TRUE
development-1082	FALSE	TRUE
development-1083	TRUE	FALSE
development-1084	FALSE	TRUE
development-1085	FALSE	TRUE
development-1086	FALSE	TRUE
development-1087	TRUE	FALSE
development-1088	FALSE	TRUE
development-1089	TRUE	FALSE
development-1090	FALSE	TRUE
development-1091	FALSE	TRUE
development-1092	FALSE	TRUE
development-1093	FALSE	TRUE
development-1094	FALSE	FALSE
development-1095	FALSE	TRUE
development-1096	FALSE	TRUE
development-1097	FALSE	TRUE
development-1098	TRUE	FALSE
development-1099	FALSE	TRUE
development-1100	TRUE	FALSE
development-1101	FALSE	TRUE
development-1102	FALSE	TRUE
development-1103	FALSE	TRUE
development-1104	TRUE	FALSE
development-1105	FALSE	TRUE
development-1106	TRUE	FALSE
development-1107	FALSE	TRUE
development-1108	FALSE	TRUE
development-1109	TRUE	FALSE
development-1110	FALSE	TRUE
development-1111	FALSE	TRUE
development-1112	FALSE	TRUE
development-1113	FALSE	TRUE
development-1114	FALSE	FALSE
development-1115	FALSE	TRUE
development-1116	TRUE	FALSE
development-1117	FALSE	TRUE
development-1118	FALSE	TRUE
development-1119	FALSE	TRUE
development-1120	FALSE	TRUE
development-1121	FALSE	TRUE
development-1122	TRUE	FALSE
development-1123	TRUE	FALSE
development-1124	FALSE	TRUE
development-1125	TRUE	FALSE
development-1126	TRUE	FALSE
development-1127	TRUE	FALSE
development-1128	FALSE	TRUE
development-1129	FALSE	TRUE
development-1130	FALSE	TRUE
development-1131	FALSE	TRUE
development-1132	FALSE	TRUE
development-1133	FALSE	TRUE
development-1134	FALSE	TRUE
development-1135	FALSE	TRUE
development-1136	FALSE	TRUE
development-1137	TRUE	FALSE
development-1138	TRUE	FALSE
development-1139	FALSE	TRUE
development-1140	FALSE	TRUE
development-1141	TRUE	FALSE
development-1142	FALSE	TRUE
development-1143	FALSE	TRUE
development-1144	FALSE	TRUE
development-1145	FALSE	TRUE
development-1146	FALSE	TRUE
development-1147	FALSE	TRUE
development-1148	FALSE	FALSE
development-1149	FALSE	TRUE
development-1150	TRUE	FALSE
development-1151	TRUE	FALSE
development-1152	TRUE	FALSE
development-1153	TRUE	FALSE
development-1154	FALSE	TRUE
development-1155	FALSE	TRUE
development-1156	FALSE	TRUE
development-1157	FALSE	TRUE
development-1158	FALSE	TRUE
development-1159	FALSE	TRUE
development-1160	TRUE	FALSE
development-1161	FALSE	TRUE
development-1162	TRUE	FALSE
development-1163	TRUE	FALSE
development-1164	TRUE	FALSE
development-1165	FALSE	TRUE
development-1166	TRUE	FALSE
development-1167	TRUE	FALSE
development-1168	FALSE	TRUE
development-1169	FALSE	TRUE
development-1170	TRUE	FALSE
development-1171	FALSE	TRUE
development-1172	FALSE	TRUE
development-1173	FALSE	TRUE
development-1174	TRUE	FALSE
development-1175	TRUE	FALSE
development-1176	TRUE	FALSE
development-1177	FALSE	TRUE
development-1178	FALSE	TRUE
development-1179	FALSE	TRUE
development-1180	FALSE	TRUE
development-1181	TRUE	FALSE
development-1182	FALSE	TRUE
development-1183	FALSE	TRUE
development-1184	FALSE	TRUE
development-1185	TRUE	FALSE
development-1186	FALSE	TRUE
development-1187	FALSE	TRUE
development-1188	TRUE	FALSE
development-1189	FALSE	TRUE
development-1190	FALSE	TRUE
development-1191	FALSE	TRUE
development-1192	TRUE	FALSE
development-1193	TRUE	FALSE
development-1194	TRUE	FALSE
development-1195	FALSE	TRUE
development-1196	FALSE	FALSE
development-1197	FALSE	TRUE
development-1198	FALSE	TRUE
development-1199	FALSE	TRUE
development-1200	TRUE	FALSE
development-1201	FALSE	TRUE
development-1202	TRUE	FALSE
development-1203	TRUE	FALSE
development-1204	FALSE	TRUE
development-1205	FALSE	TRUE
development-1206	TRUE	FALSE
development-1207	TRUE	FALSE
development-1208	FALSE	TRUE
development-1209	TRUE	FALSE
development-1210	FALSE	TRUE
development-1211	TRUE	FALSE
development-1212	FALSE	TRUE
development-1213	FALSE	TRUE
development-1214	FALSE	TRUE
development-1215	FALSE	TRUE
development-1216	FALSE	TRUE
development-1217	TRUE	FALSE
development-1218	FALSE	TRUE
development-1219	FALSE	TRUE
development-1220	FALSE	TRUE
development-1221	FALSE	TRUE
development-1222	FALSE	FALSE
development-1223	TRUE	FALSE
development-1224	FALSE	TRUE
development-1225	FALSE	TRUE
development-1226	FALSE	TRUE
development-1227	FALSE	TRUE
development-1228	FALSE	TRUE
development-1229	FALSE	TRUE
development-1230	TRUE	FALSE
development-1231	FALSE	TRUE
development-1232	FALSE	TRUE
development-1233	TRUE	FALSE
development-1234	FALSE	TRUE
development-1235	FALSE	TRUE
development-1236	FALSE	TRUE
development-1237	FALSE	TRUE
development-1238	TRUE	FALSE
development-1239	FALSE	TRUE
development-1240	TRUE	FALSE
development-1241	FALSE	TRUE
development-1242	FALSE	TRUE
development-1243	FALSE	TRUE
development-1244	TRUE	FALSE
development-1245	FALSE	TRUE
development-1246	FALSE	TRUE
development-1247	FALSE	TRUE
development-1248	FALSE	TRUE
development-1249	FALSE	TRUE
development-1250	FALSE	TRUE
development-1251	TRUE	FALSE
development-1252	TRUE	FALSE
development-1253	FALSE	FALSE
development-1254	TRUE	FALSE
development-1255	TRUE	FALSE
development-1256	FALSE	TRUE
development-1257	FALSE	TRUE
development-1258	TRUE	FALSE
development-1259	FALSE	TRUE
development-1260	FALSE	TRUE
development-1261	TRUE	FALSE
development-1262	FALSE	TRUE
development-1263	TRUE	FALSE
development-1264	FALSE	TRUE
development-1265	FALSE	TRUE
development-1266	FALSE	TRUE
development-1267	TRUE	FALSE
development-1268	FALSE	TRUE
development-1269	FALSE	TRUE
development-1270	TRUE	FALSE
development-1271	FALSE	TRUE
development-1272	FALSE	TRUE
development-1273	TRUE	FALSE
development-1274	TRUE	FALSE
development-1275	FALSE	TRUE
development-1276	FALSE	TRUE
development-1277	FALSE	TRUE
development-1278	FALSE	TRUE
development-1279	FALSE	TRUE
development-1280	FALSE	TRUE
development-1281	FALSE	TRUE
development-1282	FALSE	TRUE
development-1283	TRUE	FALSE
development-1284	FALSE	TRUE
development-1285	TRUE	FALSE
development-1286	TRUE	FALSE
development-1287	FALSE	TRUE
development-1288	FALSE	TRUE
development-1289	TRUE	FALSE
development-1290	FALSE	TRUE
development-1291	FALSE	TRUE
development-1292	FALSE	TRUE
development-1293	TRUE	FALSE
development-1294	FALSE	TRUE
development-1295	FALSE	TRUE
development-1296	FALSE	TRUE
development-1297	FALSE	TRUE
development-1298	FALSE	TRUE
development-1299	FALSE	TRUE
development-1300	FALSE	TRUE
development-1301	FALSE	TRUE
development-1302	TRUE	FALSE
development-1303	FALSE	TRUE
development-1304	FALSE	TRUE
development-1305	TRUE	FALSE
development-1306	FALSE	TRUE
development-1307	FALSE	TRUE
development-1308	TRUE	FALSE
development-1309	TRUE	FALSE
development-1310	FALSE	TRUE
development-1311	FALSE	TRUE
development-1312	TRUE	FALSE
development-1313	FALSE	TRUE
development-1314	FALSE	TRUE
development-1315	TRUE	FALSE
development-1316	FALSE	TRUE
development-1317	FALSE	TRUE
development-1318	FALSE	TRUE
development-1319	FALSE	TRUE
development-1320	TRUE	FALSE
development-1321	FALSE	TRUE
development-1322	FALSE	TRUE
development-1323	FALSE	TRUE
development-1324	FALSE	TRUE
development-1325	FALSE	TRUE
development-1326	FALSE	TRUE
development-1327	FALSE	TRUE
development-1328	FALSE	TRUE
development-1329	TRUE	FALSE
development-1330	TRUE	FALSE
development-1331	FALSE	TRUE
development-1332	FALSE	TRUE
development-1333	FALSE	TRUE
development-1334	TRUE	FALSE
development-1335	FALSE	TRUE
development-1336	TRUE	FALSE
development-1337	FALSE	TRUE
development-1338	FALSE	TRUE
development-1339	FALSE	TRUE
development-1340	TRUE	FALSE
development-1341	FALSE	TRUE
development-1342	FALSE	TRUE
development-1343	FALSE	TRUE
development-1344	TRUE	FALSE
development-1345	FALSE	TRUE
development-1346	FALSE	TRUE
development-1347	FALSE	TRUE
development-1348	FALSE	TRUE
development-1349	FALSE	TRUE
development-1350	FALSE	TRUE
development-1351	FALSE	TRUE
development-1352	FALSE	TRUE
development-1353	FALSE	TRUE
development-1354	FALSE	TRUE
development-1355	FALSE	FALSE
development-1356	TRUE	FALSE
development-1357	FALSE	TRUE
development-1358	TRUE	FALSE
development-1359	FALSE	TRUE
development-1360	TRUE	FALSE
development-1361	TRUE	FALSE
development-1362	TRUE	FALSE
development-1363	FALSE	TRUE
development-1364	FALSE	TRUE
development-1365	FALSE	TRUE
development-1366	FALSE	TRUE
development-1367	FALSE	TRUE
development-1368	FALSE	TRUE
development-1369	FALSE	TRUE
development-1370	TRUE	FALSE
development-1371	TRUE	FALSE
development-1372	FALSE	TRUE
development-1373	TRUE	FALSE
development-1374	FALSE	TRUE
development-1375	FALSE	FALSE
development-1376	FALSE	TRUE
development-1377	FALSE	TRUE
development-1378	FALSE	TRUE
development-1379	FALSE	TRUE
development-1380	FALSE	TRUE
development-1381	FALSE	TRUE
development-1382	FALSE	TRUE
development-1383	FALSE	TRUE
development-1384	TRUE	FALSE
development-1385	FALSE	TRUE
development-1386	FALSE	TRUE
development-1387	TRUE	FALSE
development-1388	TRUE	FALSE
development-1389	FALSE	TRUE
development-1390	FALSE	TRUE
development-1391	FALSE	TRUE
development-1392	TRUE	FALSE
development-1393	FALSE	TRUE
development-1394	FALSE	TRUE
development-1395	TRUE	FALSE
development-1396	TRUE	FALSE
development-1397	FALSE	TRUE
development-1398	FALSE	TRUE
development-1399	TRUE	FALSE
development-1400	TRUE	FALSE
development-1401	FALSE	TRUE
development-1402	TRUE	FALSE
development-1403	TRUE	FALSE
development-1404	TRUE	FALSE
development-1405	FALSE	TRUE
development-1406	TRUE	FALSE
development-1407	TRUE	FALSE
development-1408	FALSE	TRUE
development-1409	TRUE	FALSE
development-1410	FALSE	TRUE
development-1411	FALSE	TRUE
development-1412	TRUE	FALSE
development-1413	FALSE	TRUE
development-1414	TRUE	FALSE
development-1415	TRUE	FALSE
development-1416	FALSE	TRUE
development-1417	FALSE	TRUE
development-1418	FALSE	TRUE
development-1419	TRUE	FALSE
development-1420	FALSE	TRUE
development-1421	TRUE	FALSE
development-1422	FALSE	TRUE
development-1423	FALSE	TRUE
development-1424	FALSE	TRUE
development-1425	FALSE	TRUE
development-1426	FALSE	TRUE
development-1427	TRUE	FALSE
development-1428	FALSE	TRUE
development-1429	TRUE	FALSE
development-1430	FALSE	TRUE
development-1431	TRUE	FALSE
development-1432	FALSE	TRUE
development-1433	TRUE	FALSE
development-1434	FALSE	TRUE
development-1435	FALSE	TRUE
development-1436	FALSE	TRUE
development-1437	FALSE	FALSE
development-1438	FALSE	TRUE
development-1439	TRUE	FALSE
development-1440	FALSE	TRUE
development-1441	FALSE	TRUE
development-1442	TRUE	FALSE
development-1443	FALSE	TRUE
development-1444	TRUE	FALSE
development-1445	TRUE	FALSE
development-1446	FALSE	TRUE
development-1447	TRUE	FALSE
development-1448	TRUE	FALSE
development-1449	FALSE	TRUE
development-1450	FALSE	TRUE
development-1451	TRUE	FALSE
development-1452	FALSE	TRUE
development-1453	TRUE	FALSE
development-1454	TRUE	FALSE
development-1455	FALSE	TRUE
development-1456	FALSE	TRUE
development-1457	FALSE	TRUE
development-1458	FALSE	TRUE
development-1459	FALSE	TRUE
development-1460	FALSE	TRUE
development-1461	FALSE	TRUE
development-1462	FALSE	TRUE
development-1463	FALSE	TRUE
development-1464	FALSE	TRUE
development-1465	FALSE	TRUE
development-1466	TRUE	FALSE
development-1467	FALSE	TRUE
development-1468	TRUE	FALSE
development-1469	TRUE	FALSE
development-1470	TRUE	FALSE
development-1471	FALSE	TRUE
development-1472	FALSE	TRUE
development-1473	FALSE	TRUE
development-1474	FALSE	TRUE
development-1475	TRUE	FALSE
development-1476	TRUE	FALSE
development-1477	TRUE	FALSE
development-1478	TRUE	FALSE
development-1479	FALSE	TRUE
development-1480	FALSE	TRUE
development-1481	FALSE	TRUE
development-1482	FALSE	TRUE
development-1483	FALSE	TRUE
development-1484	FALSE	TRUE
development-1485	TRUE	FALSE
development-1486	FALSE	TRUE
development-1487	TRUE	FALSE
development-1488	TRUE	FALSE
development-1489	FALSE	TRUE
development-1490	TRUE	FALSE
development-1491	FALSE	TRUE
development-1492	FALSE	TRUE
development-1493	FALSE	TRUE
development-1494	FALSE	TRUE
development-1495	FALSE	TRUE
development-1496	FALSE	TRUE
development-1497	FALSE	TRUE
development-1498	FALSE	TRUE
development-1499	FALSE	TRUE
development-1500	FALSE	FALSE
development-1501	TRUE	FALSE
development-1502	FALSE	TRUE
development-1503	FALSE	TRUE
development-1504	TRUE	FALSE
development-1505	FALSE	FALSE
development-1506	TRUE	FALSE
development-1507	FALSE	TRUE
development-1508	FALSE	TRUE
development-1509	TRUE	FALSE
development-1510	FALSE	TRUE
development-1511	FALSE	TRUE
development-1512	TRUE	FALSE
development-1513	FALSE	TRUE
development-1514	FALSE	TRUE
development-1515	FALSE	TRUE
development-1516	TRUE	FALSE
development-1517	FALSE	TRUE
development-1518	FALSE	TRUE
development-1519	FALSE	TRUE
development-1520	FALSE	TRUE
development-1521	FALSE	TRUE
development-1522	TRUE	FALSE
development-1523	TRUE	FALSE
development-1524	TRUE	FALSE
development-1525	FALSE	FALSE
development-1526	TRUE	FALSE
development-1527	FALSE	TRUE
development-1528	FALSE	TRUE
development-1529	TRUE	FALSE
development-1530	FALSE	TRUE
development-1531	TRUE	FALSE
development-1532	FALSE	TRUE
development-1533	FALSE	TRUE
development-1534	TRUE	FALSE
development-1535	FALSE	TRUE
development-1536	FALSE	TRUE
development-1537	TRUE	FALSE
development-1538	FALSE	TRUE
development-1539	TRUE	FALSE
development-1540	TRUE	FALSE
development-1541	FALSE	TRUE
development-1542	FALSE	TRUE
development-1543	TRUE	FALSE
development-1544	TRUE	FALSE
development-1545	FALSE	TRUE
development-1546	TRUE	FALSE
development-1547	FALSE	TRUE
development-1548	FALSE	TRUE
development-1549	FALSE	TRUE
development-1550	FALSE	TRUE
development-1551	FALSE	TRUE
development-1552	TRUE	FALSE
development-1553	TRUE	FALSE
development-1554	TRUE	FALSE
development-1555	TRUE	FALSE
development-1556	FALSE	FALSE
development-1557	TRUE	FALSE
development-1558	FALSE	TRUE
development-1559	FALSE	TRUE
development-1560	FALSE	TRUE
development-1561	TRUE	FALSE
development-1562	FALSE	TRUE
development-1563	FALSE	TRUE
development-1564	FALSE	FALSE
development-1565	TRUE	FALSE
development-1566	TRUE	FALSE
development-1567	TRUE	FALSE
development-1568	TRUE	FALSE
development-1569	FALSE	TRUE
development-1570	FALSE	TRUE
development-1571	FALSE	TRUE
development-1572	TRUE	FALSE
development-1573	FALSE	TRUE
development-1574	TRUE	FALSE
development-1575	FALSE	TRUE
development-1576	FALSE	TRUE
development-1577	FALSE	TRUE
development-1578	FALSE	TRUE
development-1579	FALSE	TRUE
development-1580	TRUE	FALSE
development-1581	TRUE	FALSE
development-1582	FALSE	TRUE
development-1583	FALSE	TRUE
development-1584	FALSE	TRUE
development-1585	FALSE	TRUE
development-1586	FALSE	TRUE
development-1587	FALSE	TRUE
development-1588	FALSE	TRUE
development-1589	FALSE	TRUE
development-1590	FALSE	TRUE
development-1591	FALSE	TRUE
development-1592	FALSE	TRUE
development-1593	FALSE	TRUE
development-1594	TRUE	FALSE
development-1595	FALSE	TRUE
development-1596	FALSE	TRUE
development-1597	FALSE	TRUE
development-1598	TRUE	FALSE
development-1599	FALSE	TRUE
development-1600	FALSE	TRUE
development-1601	FALSE	TRUE
development-1602	TRUE	FALSE
development-1603	FALSE	TRUE
development-1604	TRUE	FALSE
development-1605	FALSE	TRUE
development-1606	FALSE	TRUE
development-1607	FALSE	TRUE
development-1608	TRUE	FALSE
development-1609	TRUE	FALSE
development-1610	TRUE	FALSE
development-1611	FALSE	TRUE
development-1612	FALSE	TRUE
development-1613	TRUE	FALSE
development-1614	FALSE	TRUE
development-1615	FALSE	TRUE
development-1616	TRUE	FALSE
development-1617	TRUE	FALSE
development-1618	FALSE	TRUE
development-1619	FALSE	TRUE
development-1620	FALSE	TRUE
development-1621	TRUE	FALSE
development-1622	FALSE	TRUE
development-1623	TRUE	FALSE
development-1624	FALSE	TRUE
development-1625	FALSE	TRUE
development-1626	FALSE	FALSE
development-1627	FALSE	TRUE
development-1628	TRUE	FALSE
development-1629	FALSE	TRUE
development-1630	TRUE	FALSE
development-1631	TRUE	FALSE
development-1632	TRUE	FALSE
development-1633	FALSE	TRUE
development-1634	FALSE	TRUE
development-1635	FALSE	TRUE
development-1636	TRUE	FALSE
development-1637	FALSE	TRUE
development-1638	FALSE	TRUE
development-1639	FALSE	TRUE
development-1640	TRUE	FALSE
development-1641	FALSE	TRUE
development-1642	TRUE	FALSE
development-1643	FALSE	TRUE
development-1644	FALSE	TRUE
development-1645	FALSE	TRUE
development-1646	TRUE	FALSE
development-1647	FALSE	TRUE
development-1648	TRUE	FALSE
development-1649	FALSE	TRUE
development-1650	FALSE	TRUE
development-1651	FALSE	TRUE
development-1652	TRUE	FALSE
development-1653	TRUE	FALSE
development-1654	FALSE	TRUE
development-1655	TRUE	FALSE
development-1656	FALSE	TRUE
development-1657	TRUE	FALSE
development-1658	FALSE	TRUE
development-1659	TRUE	FALSE
development-1660	FALSE	TRUE
development-1661	FALSE	TRUE
development-1662	TRUE	FALSE
development-1663	TRUE	FALSE
development-1664	FALSE	TRUE
development-1665	TRUE	FALSE
development-1666	TRUE	FALSE
development-1667	FALSE	TRUE
development-1668	FALSE	TRUE
development-1669	FALSE	TRUE
development-1670	TRUE	FALSE
development-1671	FALSE	TRUE
development-1672	FALSE	TRUE
development-1673	FALSE	TRUE
development-1674	TRUE	FALSE
development-1675	FALSE	TRUE
development-1676	TRUE	FALSE
development-1677	FALSE	TRUE
development-1678	TRUE	FALSE
development-1679	TRUE	FALSE
development-1680	FALSE	TRUE
development-1681	FALSE	TRUE
development-1682	FALSE	TRUE
development-1683	FALSE	FALSE
development-1684	FALSE	TRUE
development-1685	FALSE	TRUE
development-1686	FALSE	TRUE
development-1687	FALSE	TRUE
development-1688	FALSE	TRUE
development-1689	FALSE	TRUE
development-1690	FALSE	TRUE
development-1691	FALSE	TRUE
development-1692	FALSE	TRUE
development-1693	FALSE	TRUE
development-1694	FALSE	TRUE
development-1695	FALSE	TRUE
development-1696	FALSE	TRUE
development-1697	FALSE	TRUE
development-1698	FALSE	TRUE
development-1699	FALSE	TRUE
development-1700	FALSE	TRUE
development-1701	FALSE	TRUE
development-1702	FALSE	TRUE
development-1703	FALSE	TRUE
development-1704	FALSE	TRUE
development-1705	FALSE	TRUE
development-1706	FALSE	TRUE
development-1707	FALSE	TRUE
development-1708	FALSE	TRUE
development-1709	FALSE	TRUE
development-1710	FALSE	TRUE
development-1711	TRUE	FALSE
development-1712	FALSE	TRUE
development-1713	FALSE	TRUE
development-1714	FALSE	TRUE
development-1715	FALSE	TRUE
development-1716	FALSE	TRUE
development-1717	FALSE	TRUE
development-1718	TRUE	FALSE
development-1719	TRUE	FALSE
development-1720	TRUE	FALSE
development-1721	FALSE	TRUE
development-1722	TRUE	FALSE
development-1723	TRUE	FALSE
development-1724	TRUE	FALSE
development-1725	FALSE	TRUE
development-1726	FALSE	TRUE
development-1727	TRUE	FALSE
development-1728	FALSE	TRUE
development-1729	FALSE	TRUE
development-1730	FALSE	TRUE
development-1731	FALSE	FALSE
development-1732	FALSE	TRUE
development-1733	FALSE	TRUE
development-1734	TRUE	FALSE
development-1735	TRUE	FALSE
development-1736	FALSE	TRUE
development-1737	TRUE	FALSE
development-1738	FALSE	TRUE
development-1739	TRUE	FALSE
development-1740	FALSE	TRUE
development-1741	TRUE	FALSE
development-1742	FALSE	TRUE
development-1743	TRUE	FALSE
development-1744	TRUE	FALSE
development-1745	FALSE	FALSE
development-1746	TRUE	FALSE
development-1747	FALSE	TRUE
development-1748	FALSE	TRUE
development-1749	FALSE	TRUE
development-1750	TRUE	FALSE
development-1751	FALSE	TRUE
development-1752	TRUE	FALSE
development-1753	FALSE	TRUE
development-1754	TRUE	FALSE
development-1755	FALSE	TRUE
development-1756	FALSE	FALSE
development-1757	FALSE	TRUE
development-1758	TRUE	FALSE
development-1759	FALSE	TRUE
development-1760	FALSE	TRUE
development-1761	FALSE	TRUE
development-1762	FALSE	TRUE
development-1763	FALSE	TRUE
development-1764	FALSE	FALSE
development-1765	TRUE	FALSE
development-1766	FALSE	TRUE
development-1767	TRUE	FALSE
development-1768	FALSE	TRUE
development-1769	TRUE	FALSE
development-1770	FALSE	TRUE
development-1771	FALSE	TRUE
development-1772	FALSE	TRUE
development-1773	FALSE	TRUE
development-1774	FALSE	TRUE
development-1775	FALSE	TRUE
development-1776	TRUE	FALSE
development-1777	FALSE	TRUE
development-1778	FALSE	TRUE
development-1779	FALSE	TRUE
development-1780	TRUE	FALSE
development-1781	FALSE	TRUE
development-1782	FALSE	TRUE
development-1783	FALSE	TRUE
development-1784	FALSE	TRUE
development-1785	FALSE	TRUE
development-1786	FALSE	TRUE
development-1787	FALSE	TRUE
development-1788	FALSE	TRUE
development-1789	FALSE	TRUE
development-1790	TRUE	FALSE
development-1791	FALSE	TRUE
development-1792	FALSE	TRUE
development-1793	TRUE	FALSE
development-1794	TRUE	FALSE
development-1795	FALSE	TRUE
development-1796	FALSE	TRUE
development-1797	TRUE	FALSE
development-1798	FALSE	TRUE
development-1799	TRUE	FALSE
development-1800	FALSE	TRUE
development-1801	FALSE	FALSE
development-1802	TRUE	FALSE
development-1803	FALSE	TRUE
development-1804	FALSE	TRUE
development-1805	FALSE	TRUE
development-1806	FALSE	TRUE
development-1807	FALSE	TRUE
development-1808	FALSE	TRUE
development-1809	FALSE	TRUE
development-1810	FALSE	TRUE
development-1811	FALSE	TRUE
development-1812	FALSE	TRUE
development-1813	TRUE	FALSE
development-1814	TRUE	FALSE
development-1815	FALSE	TRUE
development-1816	FALSE	TRUE
development-1817	FALSE	TRUE
development-1818	FALSE	TRUE
development-1819	FALSE	TRUE
development-1820	FALSE	TRUE
development-1821	FALSE	TRUE
development-1822	FALSE	TRUE
development-1823	FALSE	TRUE
development-1824	FALSE	TRUE
development-1825	TRUE	FALSE
development-1826	FALSE	TRUE
development-1827	FALSE	TRUE
development-1828	FALSE	TRUE
development-1829	FALSE	TRUE
development-1830	FALSE	TRUE
development-1831	FALSE	TRUE
development-1832	TRUE	FALSE
development-1833	TRUE	FALSE
development-1834	TRUE	FALSE
development-1835	FALSE	TRUE
development-1836	TRUE	FALSE
development-1837	FALSE	TRUE
development-1838	TRUE	FALSE
development-1839	TRUE	FALSE
development-1840	FALSE	TRUE
development-1841	FALSE	TRUE
development-1842	TRUE	FALSE
development-1843	FALSE	TRUE
development-1844	FALSE	TRUE
development-1845	TRUE	FALSE
development-1846	FALSE	TRUE
development-1847	FALSE	TRUE
development-1848	FALSE	TRUE
development-1849	TRUE	FALSE
development-1850	FALSE	TRUE
development-1851	FALSE	TRUE
development-1852	TRUE	FALSE
development-1853	FALSE	TRUE
development-1854	FALSE	TRUE
development-1855	FALSE	TRUE
development-1856	FALSE	TRUE
development-1857	FALSE	TRUE
development-1858	TRUE	FALSE
development-1859	FALSE	TRUE
development-1860	TRUE	FALSE
development-1861	FALSE	TRUE
development-1862	FALSE	TRUE
development-1863	FALSE	TRUE
development-1864	FALSE	TRUE
development-1865	TRUE	FALSE
development-1866	FALSE	TRUE
development-1867	FALSE	TRUE
development-1868	TRUE	FALSE
development-1869	TRUE	FALSE
development-1870	TRUE	FALSE
development-1871	FALSE	TRUE
development-1872	FALSE	TRUE
development-1873	TRUE	FALSE
development-1874	FALSE	TRUE
development-1875	TRUE	FALSE
development-1876	TRUE	FALSE
development-1877	TRUE	FALSE
development-1878	TRUE	FALSE
development-1879	FALSE	TRUE
development-1880	FALSE	TRUE
development-1881	TRUE	FALSE
development-1882	TRUE	FALSE
development-1883	FALSE	TRUE
development-1884	FALSE	TRUE
development-1885	FALSE	FALSE
development-1886	TRUE	FALSE
development-1887	FALSE	TRUE
development-1888	FALSE	TRUE
development-1889	TRUE	FALSE
development-1890	FALSE	TRUE
development-1891	TRUE	FALSE
development-1892	TRUE	FALSE
development-1893	FALSE	TRUE
development-1894	FALSE	TRUE
development-1895	FALSE	TRUE
development-1896	FALSE	TRUE
development-1897	FALSE	TRUE
development-1898	TRUE	FALSE
development-1899	FALSE	TRUE
development-1900	TRUE	FALSE
development-1901	FALSE	TRUE
development-1902	FALSE	TRUE
development-1903	FALSE	TRUE
development-1904	FALSE	TRUE
development-1905	TRUE	FALSE
development-1906	FALSE	TRUE
development-1907	FALSE	TRUE
development-1908	FALSE	TRUE
development-1909	FALSE	TRUE
development-1910	FALSE	TRUE
development-1911	FALSE	TRUE
development-1912	FALSE	TRUE
development-1913	FALSE	TRUE
development-1914	TRUE	FALSE
development-1915	FALSE	TRUE
development-1916	FALSE	TRUE
development-1917	FALSE	TRUE
development-1918	FALSE	TRUE
development-1919	FALSE	TRUE
development-1920	FALSE	TRUE
development-1921	FALSE	TRUE
development-1922	TRUE	FALSE
development-1923	FALSE	TRUE
development-1924	FALSE	TRUE
development-1925	TRUE	FALSE
development-1926	TRUE	FALSE
development-1927	FALSE	TRUE
development-1928	FALSE	TRUE
development-1929	FALSE	TRUE
development-1930	TRUE	FALSE
development-1931	FALSE	TRUE
development-1932	FALSE	TRUE
development-1933	FALSE	TRUE
development-1934	TRUE	FALSE
development-1935	TRUE	FALSE
development-1936	FALSE	TRUE
development-1937	FALSE	TRUE
development-1938	TRUE	FALSE
development-1939	FALSE	TRUE
development-1940	FALSE	TRUE
development-1941	FALSE	TRUE
development-1942	FALSE	TRUE
development-1943	FALSE	TRUE
development-1944	FALSE	TRUE
development-1945	FALSE	TRUE
development-1946	FALSE	TRUE
development-1947	FALSE	TRUE
development-1948	FALSE	TRUE
development-1949	FALSE	TRUE
development-1950	FALSE	TRUE
development-1951	TRUE	FALSE
development-1952	FALSE	TRUE
development-1953	TRUE	FALSE
development-1954	FALSE	TRUE
development-1955	TRUE	FALSE
development-1956	FALSE	TRUE
development-1957	FALSE	TRUE
development-1958	FALSE	TRUE
development-1959	FALSE	TRUE
development-1960	FALSE	TRUE
development-1961	TRUE	FALSE
development-1962	TRUE	FALSE
development-1963	FALSE	TRUE
development-1964	FALSE	TRUE
development-1965	FALSE	TRUE
development-1966	FALSE	TRUE
development-1967	FALSE	TRUE
development-1968	TRUE	FALSE
development-1969	FALSE	TRUE
development-1970	FALSE	TRUE
development-1971	TRUE	FALSE
development-1972	FALSE	TRUE
development-1973	TRUE	FALSE
development-1974	FALSE	TRUE
development-1975	FALSE	TRUE
development-1976	FALSE	TRUE
development-1977	FALSE	TRUE
development-1978	FALSE	TRUE
development-1979	TRUE	FALSE
development-1980	FALSE	TRUE
development-1981	TRUE	FALSE
development-1982	FALSE	TRUE
development-1983	FALSE	TRUE
development-1984	FALSE	TRUE
development-1985	TRUE	FALSE
development-1986	FALSE	TRUE
development-1987	FALSE	TRUE
development-1988	FALSE	TRUE
development-1989	FALSE	TRUE
development-1990	FALSE	TRUE
development-1991	TRUE	FALSE
development-1992	FALSE	TRUE
development-1993	FALSE	TRUE
development-1994	FALSE	TRUE
development-1995	FALSE	TRUE
development-1996	FALSE	TRUE
development-1997	FALSE	TRUE
development-1998	FALSE	FALSE
development-1999	FALSE	TRUE
development-2000	FALSE	TRUE
