test-1	FALSE	TRUE
test-2	TRUE	FALSE
test-3	FALSE	TRUE
test-4	FALSE	TRUE
test-5	TRUE	FALSE
test-6	FALSE	TRUE
test-7	TRUE	FALSE
test-8	TRUE	FALSE
test-9	TRUE	FALSE
test-10	FALSE	TRUE
test-11	FALSE	TRUE
test-12	FALSE	TRUE
test-13	FALSE	TRUE
test-14	FALSE	TRUE
test-15	TRUE	FALSE
test-16	FALSE	TRUE
test-17	TRUE	FALSE
test-18	FALSE	TRUE
test-19	TRUE	FALSE
test-20	FALSE	TRUE
test-21	TRUE	FALSE
test-22	FALSE	TRUE
test-23	TRUE	FALSE
test-24	TRUE	TRUE
test-25	TRUE	FALSE
test-26	FALSE	TRUE
test-27	TRUE	FALSE
test-28	FALSE	TRUE
test-29	FALSE	TRUE
test-30	TRUE	FALSE
test-31	FALSE	TRUE
test-32	FALSE	TRUE
test-33	TRUE	FALSE
test-34	TRUE	FALSE
test-35	TRUE	FALSE
test-36	TRUE	FALSE
test-37	TRUE	FALSE
test-38	TRUE	FALSE
test-39	TRUE	FALSE
test-40	TRUE	FALSE
test-41	TRUE	FALSE
test-42	TRUE	FALSE
test-43	TRUE	FALSE
test-44	FALSE	TRUE
test-45	FALSE	TRUE
test-46	FALSE	TRUE
test-47	TRUE	FALSE
test-48	TRUE	FALSE
test-49	TRUE	FALSE
test-50	FALSE	TRUE
test-51	FALSE	TRUE
test-52	TRUE	FALSE
test-53	FALSE	TRUE
test-54	FALSE	TRUE
test-55	FALSE	TRUE
test-56	TRUE	FALSE
test-57	TRUE	FALSE
test-58	FALSE	TRUE
test-59	FALSE	TRUE
test-60	FALSE	TRUE
test-61	TRUE	FALSE
test-62	TRUE	FALSE
test-63	TRUE	FALSE
test-64	TRUE	FALSE
test-65	TRUE	FALSE
test-66	TRUE	FALSE
test-67	TRUE	FALSE
test-68	TRUE	FALSE
test-69	TRUE	FALSE
test-70	FALSE	TRUE
test-71	TRUE	FALSE
test-72	FALSE	TRUE
test-73	TRUE	FALSE
test-74	FALSE	TRUE
test-75	FALSE	TRUE
test-76	FALSE	TRUE
test-77	TRUE	FALSE
test-78	TRUE	FALSE
test-79	FALSE	TRUE
test-80	TRUE	FALSE
test-81	FALSE	TRUE
test-82	FALSE	TRUE
test-83	FALSE	TRUE
test-84	TRUE	FALSE
test-85	FALSE	TRUE
test-86	TRUE	FALSE
test-87	TRUE	FALSE
test-88	TRUE	FALSE
test-89	TRUE	FALSE
test-90	TRUE	FALSE
test-91	FALSE	TRUE
test-92	FALSE	TRUE
test-93	TRUE	FALSE
test-94	TRUE	FALSE
test-95	TRUE	FALSE
test-96	TRUE	FALSE
test-97	FALSE	TRUE
test-98	TRUE	FALSE
test-99	TRUE	FALSE
test-100	TRUE	FALSE
test-101	FALSE	TRUE
test-102	FALSE	TRUE
test-103	FALSE	TRUE
test-104	TRUE	FALSE
test-105	TRUE	FALSE
test-106	FALSE	TRUE
test-107	FALSE	TRUE
test-108	TRUE	FALSE
test-109	TRUE	FALSE
test-110	FALSE	TRUE
test-111	FALSE	TRUE
test-112	TRUE	FALSE
test-113	TRUE	FALSE
test-114	FALSE	TRUE
test-115	TRUE	FALSE
test-116	TRUE	FALSE
test-117	TRUE	FALSE
test-118	TRUE	FALSE
test-119	TRUE	FALSE
test-120	TRUE	FALSE
test-121	FALSE	TRUE
test-122	TRUE	FALSE
test-123	TRUE	FALSE
test-124	FALSE	TRUE
test-125	FALSE	TRUE
test-126	TRUE	FALSE
test-127	TRUE	FALSE
test-128	FALSE	TRUE
test-129	FALSE	TRUE
test-130	TRUE	FALSE
test-131	FALSE	TRUE
test-132	FALSE	TRUE
test-133	FALSE	TRUE
test-134	FALSE	TRUE
test-135	FALSE	TRUE
test-136	TRUE	FALSE
test-137	FALSE	TRUE
test-138	TRUE	FALSE
test-139	TRUE	FALSE
test-140	TRUE	FALSE
test-141	FALSE	TRUE
test-142	FALSE	TRUE
test-143	TRUE	FALSE
test-144	TRUE	FALSE
test-145	TRUE	FALSE
test-146	TRUE	FALSE
test-147	TRUE	FALSE
test-148	TRUE	FALSE
test-149	TRUE	FALSE
test-150	TRUE	FALSE
test-151	TRUE	FALSE
test-152	TRUE	FALSE
test-153	FALSE	TRUE
test-154	TRUE	FALSE
test-155	FALSE	TRUE
test-156	TRUE	FALSE
test-157	FALSE	TRUE
test-158	FALSE	TRUE
test-159	FALSE	TRUE
test-160	TRUE	FALSE
test-161	FALSE	TRUE
test-162	TRUE	FALSE
test-163	TRUE	FALSE
test-164	TRUE	FALSE
test-165	TRUE	FALSE
test-166	TRUE	FALSE
test-167	FALSE	TRUE
test-168	TRUE	FALSE
test-169	FALSE	TRUE
test-170	TRUE	FALSE
test-171	FALSE	TRUE
test-172	TRUE	FALSE
test-173	TRUE	FALSE
test-174	FALSE	TRUE
test-175	FALSE	TRUE
test-176	TRUE	FALSE
test-177	TRUE	FALSE
test-178	TRUE	FALSE
test-179	TRUE	FALSE
test-180	TRUE	FALSE
test-181	FALSE	TRUE
test-182	FALSE	TRUE
test-183	TRUE	FALSE
test-184	TRUE	FALSE
test-185	FALSE	TRUE
test-186	FALSE	TRUE
test-187	TRUE	FALSE
test-188	FALSE	TRUE
test-189	TRUE	FALSE
test-190	FALSE	TRUE
test-191	FALSE	TRUE
test-192	FALSE	TRUE
test-193	TRUE	FALSE
test-194	TRUE	FALSE
test-195	FALSE	TRUE
test-196	FALSE	TRUE
test-197	TRUE	FALSE
test-198	TRUE	FALSE
test-199	FALSE	TRUE
test-200	TRUE	FALSE
test-201	FALSE	TRUE
test-202	TRUE	FALSE
test-203	FALSE	TRUE
test-204	TRUE	FALSE
test-205	TRUE	FALSE
test-206	FALSE	TRUE
test-207	TRUE	FALSE
test-208	FALSE	TRUE
test-209	FALSE	TRUE
test-210	TRUE	FALSE
test-211	FALSE	TRUE
test-212	TRUE	FALSE
test-213	FALSE	TRUE
test-214	TRUE	FALSE
test-215	FALSE	TRUE
test-216	TRUE	FALSE
test-217	FALSE	TRUE
test-218	TRUE	FALSE
test-219	TRUE	FALSE
test-220	FALSE	TRUE
test-221	FALSE	TRUE
test-222	TRUE	FALSE
test-223	TRUE	FALSE
test-224	FALSE	TRUE
test-225	TRUE	FALSE
test-226	TRUE	FALSE
test-227	TRUE	FALSE
test-228	FALSE	TRUE
test-229	FALSE	TRUE
test-230	TRUE	FALSE
test-231	FALSE	TRUE
test-232	TRUE	FALSE
test-233	TRUE	FALSE
test-234	FALSE	TRUE
test-235	FALSE	TRUE
test-236	TRUE	FALSE
test-237	TRUE	FALSE
test-238	FALSE	TRUE
test-239	FALSE	TRUE
test-240	FALSE	TRUE
test-241	TRUE	FALSE
test-242	TRUE	FALSE
test-243	TRUE	FALSE
test-244	TRUE	FALSE
test-245	FALSE	TRUE
test-246	FALSE	TRUE
test-247	TRUE	FALSE
test-248	FALSE	TRUE
test-249	TRUE	FALSE
test-250	FALSE	TRUE
test-251	TRUE	FALSE
test-252	TRUE	FALSE
test-253	FALSE	TRUE
test-254	FALSE	TRUE
test-255	TRUE	FALSE
test-256	FALSE	TRUE
test-257	FALSE	TRUE
test-258	TRUE	FALSE
test-259	TRUE	FALSE
test-260	FALSE	TRUE
test-261	FALSE	TRUE
test-262	TRUE	FALSE
test-263	FALSE	TRUE
test-264	TRUE	FALSE
test-265	TRUE	FALSE
test-266	FALSE	TRUE
test-267	FALSE	TRUE
test-268	FALSE	TRUE
test-269	FALSE	TRUE
test-270	TRUE	FALSE
test-271	FALSE	TRUE
test-272	TRUE	FALSE
test-273	TRUE	FALSE
test-274	FALSE	TRUE
test-275	TRUE	FALSE
test-276	TRUE	FALSE
test-277	TRUE	FALSE
test-278	TRUE	FALSE
test-279	TRUE	FALSE
test-280	TRUE	FALSE
test-281	TRUE	FALSE
test-282	FALSE	TRUE
test-283	FALSE	TRUE
test-284	FALSE	TRUE
test-285	TRUE	FALSE
test-286	TRUE	FALSE
test-287	TRUE	FALSE
test-288	FALSE	TRUE
test-289	FALSE	TRUE
test-290	TRUE	FALSE
test-291	TRUE	FALSE
test-292	TRUE	FALSE
test-293	FALSE	TRUE
test-294	TRUE	FALSE
test-295	TRUE	FALSE
test-296	TRUE	FALSE
test-297	TRUE	FALSE
test-298	TRUE	FALSE
test-299	TRUE	FALSE
test-300	TRUE	FALSE
test-301	TRUE	FALSE
test-302	FALSE	TRUE
test-303	FALSE	TRUE
test-304	FALSE	TRUE
test-305	FALSE	TRUE
test-306	TRUE	FALSE
test-307	FALSE	TRUE
test-308	TRUE	FALSE
test-309	TRUE	FALSE
test-310	FALSE	TRUE
test-311	FALSE	TRUE
test-312	FALSE	TRUE
test-313	TRUE	FALSE
test-314	TRUE	FALSE
test-315	TRUE	FALSE
test-316	TRUE	FALSE
test-317	FALSE	TRUE
test-318	TRUE	FALSE
test-319	TRUE	FALSE
test-320	FALSE	TRUE
test-321	FALSE	TRUE
test-322	FALSE	TRUE
test-323	FALSE	TRUE
test-324	FALSE	TRUE
test-325	TRUE	FALSE
test-326	TRUE	FALSE
test-327	FALSE	TRUE
test-328	FALSE	TRUE
test-329	TRUE	FALSE
test-330	TRUE	FALSE
test-331	FALSE	TRUE
test-332	FALSE	TRUE
test-333	TRUE	FALSE
test-334	TRUE	FALSE
test-335	FALSE	TRUE
test-336	TRUE	FALSE
test-337	FALSE	TRUE
test-338	TRUE	FALSE
test-339	TRUE	FALSE
test-340	TRUE	FALSE
test-341	FALSE	TRUE
test-342	TRUE	FALSE
test-343	TRUE	FALSE
test-344	TRUE	FALSE
test-345	TRUE	FALSE
test-346	TRUE	TRUE
test-347	FALSE	TRUE
test-348	TRUE	FALSE
test-349	FALSE	TRUE
test-350	TRUE	FALSE
test-351	TRUE	FALSE
test-352	FALSE	TRUE
test-353	FALSE	TRUE
test-354	TRUE	FALSE
test-355	FALSE	FALSE
test-356	FALSE	TRUE
test-357	TRUE	FALSE
test-358	FALSE	TRUE
test-359	TRUE	FALSE
test-360	FALSE	TRUE
test-361	FALSE	TRUE
test-362	FALSE	TRUE
test-363	TRUE	FALSE
test-364	TRUE	FALSE
test-365	FALSE	TRUE
test-366	TRUE	FALSE
test-367	FALSE	TRUE
test-368	FALSE	TRUE
test-369	TRUE	FALSE
test-370	TRUE	FALSE
test-371	FALSE	TRUE
test-372	FALSE	TRUE
test-373	TRUE	FALSE
test-374	TRUE	FALSE
test-375	TRUE	FALSE
test-376	TRUE	FALSE
test-377	FALSE	TRUE
test-378	TRUE	FALSE
test-379	FALSE	TRUE
test-380	TRUE	FALSE
test-381	TRUE	FALSE
test-382	FALSE	TRUE
test-383	FALSE	TRUE
test-384	TRUE	FALSE
test-385	TRUE	FALSE
test-386	TRUE	FALSE
test-387	FALSE	TRUE
test-388	FALSE	TRUE
test-389	TRUE	FALSE
test-390	TRUE	FALSE
test-391	TRUE	FALSE
test-392	TRUE	FALSE
test-393	FALSE	TRUE
test-394	TRUE	FALSE
test-395	TRUE	FALSE
test-396	TRUE	FALSE
test-397	FALSE	TRUE
test-398	TRUE	FALSE
test-399	TRUE	FALSE
test-400	FALSE	TRUE
test-401	TRUE	FALSE
test-402	TRUE	FALSE
test-403	TRUE	FALSE
test-404	FALSE	TRUE
test-405	FALSE	TRUE
test-406	FALSE	TRUE
test-407	FALSE	TRUE
test-408	TRUE	FALSE
test-409	FALSE	TRUE
test-410	TRUE	FALSE
test-411	FALSE	TRUE
test-412	FALSE	TRUE
test-413	FALSE	TRUE
test-414	TRUE	FALSE
test-415	TRUE	FALSE
test-416	TRUE	FALSE
test-417	FALSE	FALSE
test-418	TRUE	FALSE
test-419	FALSE	TRUE
test-420	TRUE	FALSE
test-421	FALSE	TRUE
test-422	FALSE	TRUE
test-423	FALSE	FALSE
test-424	FALSE	TRUE
test-425	FALSE	TRUE
test-426	FALSE	TRUE
test-427	FALSE	TRUE
test-428	FALSE	TRUE
test-429	TRUE	FALSE
test-430	TRUE	FALSE
test-431	TRUE	FALSE
test-432	TRUE	FALSE
test-433	TRUE	FALSE
test-434	FALSE	TRUE
test-435	FALSE	TRUE
test-436	FALSE	TRUE
test-437	TRUE	FALSE
test-438	FALSE	TRUE
test-439	FALSE	TRUE
test-440	FALSE	TRUE
test-441	TRUE	FALSE
test-442	TRUE	FALSE
test-443	TRUE	FALSE
test-444	TRUE	FALSE
test-445	TRUE	FALSE
test-446	FALSE	TRUE
test-447	TRUE	FALSE
test-448	TRUE	FALSE
test-449	FALSE	TRUE
test-450	TRUE	FALSE
test-451	TRUE	FALSE
test-452	TRUE	FALSE
test-453	TRUE	FALSE
test-454	TRUE	FALSE
test-455	TRUE	FALSE
test-456	TRUE	FALSE
test-457	FALSE	TRUE
test-458	TRUE	FALSE
test-459	TRUE	FALSE
test-460	FALSE	TRUE
test-461	TRUE	FALSE
test-462	FALSE	TRUE
test-463	FALSE	TRUE
test-464	TRUE	FALSE
test-465	TRUE	FALSE
test-466	TRUE	FALSE
test-467	FALSE	TRUE
test-468	TRUE	FALSE
test-469	TRUE	FALSE
test-470	TRUE	FALSE
test-471	FALSE	TRUE
test-472	FALSE	TRUE
test-473	TRUE	FALSE
test-474	FALSE	TRUE
test-475	FALSE	TRUE
test-476	FALSE	TRUE
test-477	FALSE	TRUE
test-478	TRUE	FALSE
test-479	TRUE	FALSE
test-480	FALSE	TRUE
test-481	TRUE	FALSE
test-482	TRUE	FALSE
test-483	FALSE	TRUE
test-484	FALSE	TRUE
test-485	FALSE	TRUE
test-486	TRUE	FALSE
test-487	FALSE	TRUE
test-488	FALSE	TRUE
test-489	FALSE	TRUE
test-490	FALSE	TRUE
test-491	TRUE	FALSE
test-492	FALSE	TRUE
test-493	TRUE	FALSE
test-494	TRUE	FALSE
test-495	FALSE	TRUE
test-496	TRUE	FALSE
test-497	TRUE	FALSE
test-498	TRUE	TRUE
test-499	FALSE	TRUE
test-500	FALSE	TRUE
test-501	TRUE	FALSE
test-502	FALSE	TRUE
test-503	TRUE	FALSE
test-504	FALSE	TRUE
test-505	TRUE	FALSE
test-506	FALSE	TRUE
test-507	FALSE	TRUE
test-508	TRUE	FALSE
test-509	FALSE	TRUE
test-510	TRUE	FALSE
test-511	FALSE	TRUE
test-512	TRUE	FALSE
test-513	FALSE	FALSE
test-514	FALSE	FALSE
test-515	FALSE	TRUE
test-516	TRUE	FALSE
test-517	TRUE	FALSE
test-518	FALSE	TRUE
test-519	FALSE	TRUE
test-520	FALSE	TRUE
test-521	FALSE	TRUE
test-522	TRUE	FALSE
test-523	FALSE	TRUE
test-524	FALSE	TRUE
test-525	TRUE	FALSE
test-526	FALSE	TRUE
test-527	TRUE	FALSE
test-528	TRUE	FALSE
test-529	TRUE	FALSE
test-530	TRUE	FALSE
test-531	TRUE	FALSE
test-532	TRUE	FALSE
test-533	TRUE	FALSE
test-534	FALSE	TRUE
test-535	TRUE	FALSE
test-536	TRUE	FALSE
test-537	TRUE	FALSE
test-538	FALSE	TRUE
test-539	FALSE	TRUE
test-540	TRUE	FALSE
test-541	TRUE	FALSE
test-542	TRUE	FALSE
test-543	FALSE	TRUE
test-544	TRUE	FALSE
test-545	TRUE	FALSE
test-546	TRUE	FALSE
test-547	TRUE	FALSE
test-548	FALSE	TRUE
test-549	FALSE	TRUE
test-550	FALSE	TRUE
test-551	FALSE	TRUE
test-552	FALSE	TRUE
test-553	FALSE	TRUE
test-554	FALSE	TRUE
test-555	TRUE	FALSE
test-556	TRUE	FALSE
test-557	FALSE	TRUE
test-558	FALSE	TRUE
test-559	FALSE	TRUE
test-560	FALSE	TRUE
test-561	TRUE	FALSE
test-562	FALSE	FALSE
test-563	FALSE	TRUE
test-564	FALSE	TRUE
test-565	FALSE	TRUE
test-566	TRUE	FALSE
test-567	TRUE	FALSE
test-568	TRUE	FALSE
test-569	TRUE	FALSE
test-570	FALSE	TRUE
test-571	TRUE	FALSE
test-572	TRUE	FALSE
test-573	TRUE	FALSE
test-574	TRUE	FALSE
test-575	FALSE	TRUE
test-576	TRUE	FALSE
test-577	TRUE	FALSE
test-578	TRUE	FALSE
test-579	TRUE	FALSE
test-580	TRUE	FALSE
test-581	TRUE	FALSE
test-582	TRUE	FALSE
test-583	FALSE	FALSE
test-584	FALSE	TRUE
test-585	TRUE	FALSE
test-586	TRUE	FALSE
test-587	TRUE	FALSE
test-588	TRUE	FALSE
test-589	FALSE	TRUE
test-590	TRUE	FALSE
test-591	TRUE	FALSE
test-592	FALSE	TRUE
test-593	TRUE	FALSE
test-594	FALSE	TRUE
test-595	TRUE	FALSE
test-596	FALSE	FALSE
test-597	FALSE	TRUE
test-598	TRUE	FALSE
test-599	TRUE	FALSE
test-600	TRUE	FALSE
test-601	TRUE	FALSE
test-602	TRUE	FALSE
test-603	FALSE	TRUE
test-604	TRUE	FALSE
test-605	TRUE	FALSE
test-606	FALSE	TRUE
test-607	FALSE	TRUE
test-608	TRUE	FALSE
test-609	TRUE	FALSE
test-610	TRUE	FALSE
test-611	FALSE	TRUE
test-612	TRUE	FALSE
test-613	FALSE	TRUE
test-614	FALSE	TRUE
test-615	TRUE	FALSE
test-616	TRUE	FALSE
test-617	TRUE	FALSE
test-618	TRUE	FALSE
test-619	FALSE	TRUE
test-620	TRUE	FALSE
test-621	FALSE	TRUE
test-622	TRUE	FALSE
test-623	FALSE	TRUE
test-624	TRUE	FALSE
test-625	FALSE	TRUE
test-626	TRUE	FALSE
test-627	TRUE	FALSE
test-628	FALSE	TRUE
test-629	TRUE	FALSE
test-630	FALSE	TRUE
test-631	TRUE	FALSE
test-632	FALSE	TRUE
test-633	TRUE	FALSE
test-634	TRUE	FALSE
test-635	FALSE	TRUE
test-636	TRUE	FALSE
test-637	FALSE	TRUE
test-638	TRUE	FALSE
test-639	FALSE	TRUE
test-640	TRUE	FALSE
test-641	FALSE	TRUE
test-642	FALSE	TRUE
test-643	FALSE	TRUE
test-644	TRUE	FALSE
test-645	TRUE	FALSE
test-646	TRUE	FALSE
test-647	TRUE	FALSE
test-648	TRUE	FALSE
test-649	TRUE	FALSE
test-650	FALSE	TRUE
test-651	TRUE	FALSE
test-652	FALSE	TRUE
test-653	TRUE	FALSE
test-654	FALSE	TRUE
test-655	FALSE	TRUE
test-656	TRUE	FALSE
test-657	FALSE	TRUE
test-658	TRUE	FALSE
test-659	TRUE	FALSE
test-660	TRUE	FALSE
test-661	TRUE	FALSE
test-662	TRUE	FALSE
test-663	FALSE	TRUE
test-664	TRUE	FALSE
test-665	FALSE	TRUE
test-666	FALSE	TRUE
test-667	FALSE	TRUE
test-668	FALSE	TRUE
test-669	FALSE	TRUE
test-670	FALSE	TRUE
test-671	TRUE	FALSE
test-672	TRUE	FALSE
test-673	FALSE	TRUE
test-674	TRUE	FALSE
test-675	FALSE	TRUE
test-676	TRUE	FALSE
test-677	TRUE	FALSE
test-678	TRUE	FALSE
test-679	TRUE	FALSE
test-680	FALSE	TRUE
test-681	FALSE	TRUE
test-682	FALSE	TRUE
test-683	TRUE	FALSE
test-684	FALSE	TRUE
test-685	TRUE	FALSE
test-686	FALSE	TRUE
test-687	FALSE	TRUE
test-688	TRUE	FALSE
test-689	TRUE	FALSE
test-690	TRUE	FALSE
test-691	TRUE	FALSE
test-692	FALSE	TRUE
test-693	TRUE	FALSE
test-694	TRUE	FALSE
test-695	FALSE	TRUE
test-696	FALSE	TRUE
test-697	FALSE	TRUE
test-698	TRUE	FALSE
test-699	TRUE	FALSE
test-700	TRUE	FALSE
test-701	TRUE	FALSE
test-702	FALSE	TRUE
test-703	TRUE	FALSE
test-704	TRUE	FALSE
test-705	TRUE	FALSE
test-706	TRUE	FALSE
test-707	TRUE	FALSE
test-708	TRUE	FALSE
test-709	FALSE	TRUE
test-710	FALSE	TRUE
test-711	TRUE	FALSE
test-712	TRUE	FALSE
test-713	FALSE	TRUE
test-714	FALSE	TRUE
test-715	TRUE	FALSE
test-716	FALSE	TRUE
test-717	TRUE	FALSE
test-718	TRUE	FALSE
test-719	TRUE	FALSE
test-720	TRUE	FALSE
test-721	TRUE	FALSE
test-722	FALSE	TRUE
test-723	TRUE	FALSE
test-724	TRUE	FALSE
test-725	TRUE	FALSE
test-726	TRUE	FALSE
test-727	FALSE	TRUE
test-728	TRUE	FALSE
test-729	TRUE	FALSE
test-730	FALSE	TRUE
test-731	TRUE	FALSE
test-732	FALSE	TRUE
test-733	TRUE	FALSE
test-734	FALSE	TRUE
test-735	TRUE	FALSE
test-736	TRUE	FALSE
test-737	TRUE	FALSE
test-738	FALSE	TRUE
test-739	TRUE	FALSE
test-740	FALSE	TRUE
test-741	TRUE	FALSE
test-742	TRUE	FALSE
test-743	FALSE	TRUE
test-744	TRUE	FALSE
test-745	FALSE	TRUE
test-746	TRUE	FALSE
test-747	TRUE	FALSE
test-748	FALSE	TRUE
test-749	TRUE	FALSE
test-750	TRUE	FALSE
test-751	FALSE	TRUE
test-752	TRUE	FALSE
test-753	TRUE	FALSE
test-754	FALSE	TRUE
test-755	FALSE	TRUE
test-756	FALSE	TRUE
test-757	TRUE	FALSE
test-758	FALSE	TRUE
test-759	TRUE	FALSE
test-760	FALSE	TRUE
test-761	FALSE	TRUE
test-762	TRUE	FALSE
test-763	TRUE	FALSE
test-764	TRUE	FALSE
test-765	TRUE	FALSE
test-766	TRUE	FALSE
test-767	FALSE	TRUE
test-768	TRUE	FALSE
test-769	TRUE	FALSE
test-770	TRUE	FALSE
test-771	TRUE	FALSE
test-772	FALSE	TRUE
test-773	FALSE	FALSE
test-774	FALSE	TRUE
test-775	FALSE	TRUE
test-776	FALSE	TRUE
test-777	TRUE	FALSE
test-778	FALSE	TRUE
test-779	TRUE	FALSE
test-780	TRUE	FALSE
test-781	TRUE	FALSE
test-782	TRUE	FALSE
test-783	FALSE	TRUE
test-784	TRUE	FALSE
test-785	FALSE	TRUE
test-786	TRUE	FALSE
test-787	TRUE	FALSE
test-788	TRUE	FALSE
test-789	TRUE	FALSE
test-790	FALSE	TRUE
test-791	TRUE	FALSE
test-792	TRUE	FALSE
test-793	FALSE	TRUE
test-794	FALSE	TRUE
test-795	TRUE	FALSE
test-796	TRUE	FALSE
test-797	TRUE	FALSE
test-798	TRUE	FALSE
test-799	TRUE	FALSE
test-800	TRUE	FALSE
test-801	FALSE	TRUE
test-802	FALSE	TRUE
test-803	FALSE	TRUE
test-804	FALSE	TRUE
test-805	FALSE	TRUE
test-806	FALSE	TRUE
test-807	FALSE	TRUE
test-808	TRUE	FALSE
test-809	FALSE	TRUE
test-810	TRUE	FALSE
test-811	TRUE	FALSE
test-812	FALSE	TRUE
test-813	FALSE	FALSE
test-814	FALSE	TRUE
test-815	TRUE	FALSE
test-816	FALSE	TRUE
test-817	TRUE	FALSE
test-818	FALSE	TRUE
test-819	FALSE	TRUE
test-820	TRUE	FALSE
test-821	TRUE	FALSE
test-822	TRUE	FALSE
test-823	TRUE	FALSE
test-824	FALSE	TRUE
test-825	FALSE	TRUE
test-826	TRUE	FALSE
test-827	FALSE	FALSE
test-828	TRUE	FALSE
test-829	TRUE	FALSE
test-830	FALSE	TRUE
test-831	TRUE	FALSE
test-832	TRUE	FALSE
test-833	TRUE	FALSE
test-834	FALSE	TRUE
test-835	TRUE	FALSE
test-836	TRUE	FALSE
test-837	TRUE	FALSE
test-838	FALSE	TRUE
test-839	FALSE	TRUE
test-840	TRUE	FALSE
test-841	TRUE	FALSE
test-842	FALSE	TRUE
test-843	TRUE	FALSE
test-844	TRUE	FALSE
test-845	FALSE	TRUE
test-846	FALSE	TRUE
test-847	FALSE	TRUE
test-848	TRUE	FALSE
test-849	TRUE	FALSE
test-850	TRUE	FALSE
test-851	FALSE	TRUE
test-852	TRUE	FALSE
test-853	FALSE	TRUE
test-854	FALSE	TRUE
test-855	FALSE	TRUE
test-856	TRUE	FALSE
test-857	TRUE	FALSE
test-858	FALSE	TRUE
test-859	TRUE	FALSE
test-860	FALSE	TRUE
test-861	FALSE	TRUE
test-862	FALSE	TRUE
test-863	FALSE	TRUE
test-864	TRUE	FALSE
test-865	TRUE	FALSE
test-866	FALSE	TRUE
test-867	FALSE	TRUE
test-868	FALSE	TRUE
test-869	TRUE	FALSE
test-870	TRUE	FALSE
test-871	TRUE	FALSE
test-872	TRUE	FALSE
test-873	TRUE	FALSE
test-874	TRUE	FALSE
test-875	FALSE	TRUE
test-876	FALSE	TRUE
test-877	FALSE	TRUE
test-878	TRUE	FALSE
test-879	TRUE	FALSE
test-880	TRUE	FALSE
test-881	FALSE	TRUE
test-882	TRUE	FALSE
test-883	FALSE	TRUE
test-884	FALSE	TRUE
test-885	TRUE	FALSE
test-886	TRUE	FALSE
test-887	TRUE	FALSE
test-888	FALSE	TRUE
test-889	FALSE	TRUE
test-890	FALSE	TRUE
test-891	TRUE	FALSE
test-892	FALSE	TRUE
test-893	FALSE	TRUE
test-894	FALSE	TRUE
test-895	TRUE	FALSE
test-896	TRUE	FALSE
test-897	TRUE	FALSE
test-898	FALSE	TRUE
test-899	TRUE	FALSE
test-900	TRUE	TRUE
test-901	FALSE	TRUE
test-902	TRUE	FALSE
test-903	FALSE	TRUE
test-904	FALSE	FALSE
test-905	TRUE	FALSE
test-906	TRUE	FALSE
test-907	FALSE	TRUE
test-908	TRUE	FALSE
test-909	TRUE	FALSE
test-910	FALSE	TRUE
test-911	FALSE	TRUE
test-912	FALSE	TRUE
test-913	TRUE	FALSE
test-914	TRUE	FALSE
test-915	TRUE	FALSE
test-916	TRUE	FALSE
test-917	FALSE	TRUE
test-918	FALSE	TRUE
test-919	TRUE	FALSE
test-920	FALSE	TRUE
test-921	FALSE	TRUE
test-922	FALSE	TRUE
test-923	TRUE	FALSE
test-924	TRUE	FALSE
test-925	TRUE	FALSE
test-926	TRUE	FALSE
test-927	FALSE	TRUE
test-928	FALSE	TRUE
test-929	FALSE	TRUE
test-930	FALSE	TRUE
test-931	FALSE	TRUE
test-932	FALSE	TRUE
test-933	FALSE	TRUE
test-934	FALSE	TRUE
test-935	TRUE	FALSE
test-936	FALSE	TRUE
test-937	TRUE	FALSE
test-938	TRUE	FALSE
test-939	FALSE	TRUE
test-940	FALSE	FALSE
test-941	TRUE	FALSE
test-942	TRUE	FALSE
test-943	FALSE	TRUE
test-944	TRUE	FALSE
test-945	TRUE	FALSE
test-946	FALSE	TRUE
test-947	TRUE	FALSE
test-948	FALSE	TRUE
test-949	TRUE	FALSE
test-950	FALSE	TRUE
test-951	TRUE	FALSE
test-952	TRUE	FALSE
test-953	FALSE	TRUE
test-954	FALSE	TRUE
test-955	FALSE	TRUE
test-956	FALSE	TRUE
test-957	FALSE	TRUE
test-958	TRUE	FALSE
test-959	TRUE	FALSE
test-960	FALSE	TRUE
test-961	TRUE	FALSE
test-962	FALSE	TRUE
test-963	FALSE	TRUE
test-964	TRUE	FALSE
test-965	TRUE	FALSE
test-966	TRUE	FALSE
test-967	TRUE	FALSE
test-968	TRUE	FALSE
test-969	TRUE	FALSE
test-970	TRUE	FALSE
test-971	FALSE	TRUE
test-972	TRUE	FALSE
test-973	TRUE	FALSE
test-974	TRUE	FALSE
test-975	TRUE	FALSE
test-976	TRUE	FALSE
test-977	TRUE	FALSE
test-978	TRUE	FALSE
test-979	TRUE	FALSE
test-980	FALSE	TRUE
test-981	FALSE	TRUE
test-982	FALSE	TRUE
test-983	FALSE	TRUE
test-984	FALSE	TRUE
test-985	TRUE	FALSE
test-986	FALSE	TRUE
test-987	TRUE	FALSE
test-988	FALSE	TRUE
test-989	TRUE	FALSE
test-990	FALSE	TRUE
test-991	TRUE	FALSE
test-992	FALSE	TRUE
test-993	FALSE	TRUE
test-994	FALSE	TRUE
test-995	TRUE	FALSE
test-996	FALSE	TRUE
test-997	FALSE	TRUE
test-998	TRUE	FALSE
test-999	TRUE	FALSE
test-1000	FALSE	TRUE
test-1001	TRUE	FALSE
test-1002	FALSE	TRUE
test-1003	TRUE	FALSE
test-1004	FALSE	TRUE
test-1005	TRUE	FALSE
test-1006	FALSE	TRUE
test-1007	TRUE	FALSE
test-1008	TRUE	FALSE
test-1009	FALSE	TRUE
test-1010	FALSE	TRUE
test-1011	TRUE	FALSE
test-1012	TRUE	FALSE
test-1013	TRUE	FALSE
test-1014	TRUE	FALSE
test-1015	FALSE	TRUE
test-1016	FALSE	TRUE
test-1017	TRUE	FALSE
test-1018	TRUE	FALSE
test-1019	TRUE	FALSE
test-1020	TRUE	FALSE
test-1021	FALSE	TRUE
test-1022	FALSE	TRUE
test-1023	TRUE	FALSE
test-1024	FALSE	TRUE
test-1025	TRUE	FALSE
test-1026	TRUE	FALSE
test-1027	TRUE	FALSE
test-1028	TRUE	FALSE
test-1029	FALSE	TRUE
test-1030	TRUE	FALSE
test-1031	TRUE	FALSE
test-1032	TRUE	FALSE
test-1033	TRUE	FALSE
test-1034	FALSE	TRUE
test-1035	FALSE	TRUE
test-1036	TRUE	FALSE
test-1037	TRUE	FALSE
test-1038	TRUE	FALSE
test-1039	TRUE	FALSE
test-1040	FALSE	TRUE
test-1041	TRUE	FALSE
test-1042	TRUE	FALSE
test-1043	FALSE	TRUE
test-1044	TRUE	FALSE
test-1045	TRUE	FALSE
test-1046	TRUE	FALSE
test-1047	TRUE	FALSE
test-1048	FALSE	TRUE
test-1049	TRUE	FALSE
test-1050	TRUE	FALSE
test-1051	TRUE	FALSE
test-1052	TRUE	FALSE
test-1053	FALSE	TRUE
test-1054	TRUE	FALSE
test-1055	FALSE	TRUE
test-1056	TRUE	FALSE
test-1057	TRUE	FALSE
test-1058	TRUE	FALSE
test-1059	TRUE	FALSE
test-1060	TRUE	FALSE
test-1061	FALSE	TRUE
test-1062	TRUE	FALSE
test-1063	FALSE	TRUE
test-1064	TRUE	FALSE
test-1065	TRUE	FALSE
test-1066	TRUE	FALSE
test-1067	FALSE	FALSE
test-1068	TRUE	FALSE
test-1069	FALSE	TRUE
test-1070	TRUE	FALSE
test-1071	FALSE	TRUE
test-1072	TRUE	FALSE
test-1073	FALSE	FALSE
test-1074	FALSE	TRUE
test-1075	TRUE	FALSE
test-1076	FALSE	TRUE
test-1077	FALSE	TRUE
test-1078	FALSE	TRUE
test-1079	FALSE	TRUE
test-1080	FALSE	TRUE
test-1081	FALSE	TRUE
test-1082	TRUE	FALSE
test-1083	FALSE	TRUE
test-1084	FALSE	TRUE
test-1085	TRUE	FALSE
test-1086	TRUE	FALSE
test-1087	TRUE	FALSE
test-1088	FALSE	TRUE
test-1089	TRUE	FALSE
test-1090	TRUE	FALSE
test-1091	TRUE	FALSE
test-1092	TRUE	FALSE
test-1093	FALSE	TRUE
test-1094	FALSE	TRUE
test-1095	TRUE	FALSE
test-1096	FALSE	TRUE
test-1097	TRUE	FALSE
test-1098	FALSE	TRUE
test-1099	TRUE	FALSE
test-1100	FALSE	TRUE
test-1101	TRUE	FALSE
test-1102	TRUE	FALSE
test-1103	FALSE	TRUE
test-1104	FALSE	TRUE
test-1105	FALSE	TRUE
test-1106	FALSE	TRUE
test-1107	TRUE	FALSE
test-1108	FALSE	TRUE
test-1109	FALSE	TRUE
test-1110	TRUE	FALSE
test-1111	TRUE	FALSE
test-1112	FALSE	TRUE
test-1113	FALSE	TRUE
test-1114	FALSE	FALSE
test-1115	TRUE	FALSE
test-1116	FALSE	TRUE
test-1117	TRUE	FALSE
test-1118	FALSE	TRUE
test-1119	TRUE	FALSE
test-1120	TRUE	FALSE
test-1121	FALSE	TRUE
test-1122	FALSE	TRUE
test-1123	FALSE	TRUE
test-1124	FALSE	TRUE
test-1125	TRUE	FALSE
test-1126	FALSE	TRUE
test-1127	FALSE	TRUE
test-1128	FALSE	TRUE
test-1129	TRUE	FALSE
test-1130	TRUE	FALSE
test-1131	TRUE	FALSE
test-1132	TRUE	FALSE
test-1133	FALSE	FALSE
test-1134	TRUE	FALSE
test-1135	TRUE	FALSE
test-1136	FALSE	TRUE
test-1137	FALSE	TRUE
test-1138	TRUE	FALSE
test-1139	TRUE	FALSE
test-1140	TRUE	FALSE
test-1141	FALSE	TRUE
test-1142	FALSE	TRUE
test-1143	FALSE	TRUE
test-1144	FALSE	TRUE
test-1145	TRUE	FALSE
test-1146	FALSE	TRUE
test-1147	FALSE	TRUE
test-1148	TRUE	FALSE
test-1149	FALSE	TRUE
test-1150	FALSE	TRUE
test-1151	TRUE	FALSE
test-1152	FALSE	TRUE
test-1153	FALSE	TRUE
test-1154	TRUE	FALSE
test-1155	TRUE	FALSE
test-1156	FALSE	TRUE
test-1157	FALSE	TRUE
test-1158	TRUE	FALSE
test-1159	FALSE	TRUE
test-1160	TRUE	FALSE
test-1161	FALSE	TRUE
test-1162	FALSE	TRUE
test-1163	FALSE	TRUE
test-1164	TRUE	FALSE
test-1165	TRUE	FALSE
test-1166	FALSE	FALSE
test-1167	TRUE	FALSE
test-1168	FALSE	TRUE
test-1169	TRUE	FALSE
test-1170	TRUE	FALSE
test-1171	FALSE	TRUE
test-1172	TRUE	FALSE
test-1173	TRUE	FALSE
test-1174	FALSE	TRUE
test-1175	FALSE	TRUE
test-1176	FALSE	TRUE
test-1177	TRUE	FALSE
test-1178	TRUE	FALSE
test-1179	TRUE	FALSE
test-1180	TRUE	FALSE
test-1181	TRUE	FALSE
test-1182	TRUE	FALSE
test-1183	TRUE	FALSE
test-1184	TRUE	FALSE
test-1185	FALSE	TRUE
test-1186	TRUE	FALSE
test-1187	FALSE	TRUE
test-1188	TRUE	FALSE
test-1189	FALSE	TRUE
test-1190	TRUE	FALSE
test-1191	TRUE	FALSE
test-1192	FALSE	TRUE
test-1193	TRUE	FALSE
test-1194	TRUE	FALSE
test-1195	FALSE	TRUE
test-1196	FALSE	TRUE
test-1197	FALSE	TRUE
test-1198	TRUE	FALSE
test-1199	FALSE	TRUE
test-1200	TRUE	FALSE
test-1201	TRUE	FALSE
test-1202	TRUE	FALSE
test-1203	FALSE	TRUE
test-1204	TRUE	FALSE
test-1205	TRUE	FALSE
test-1206	TRUE	FALSE
test-1207	TRUE	FALSE
test-1208	TRUE	FALSE
test-1209	TRUE	FALSE
test-1210	FALSE	FALSE
test-1211	FALSE	TRUE
test-1212	TRUE	FALSE
test-1213	TRUE	FALSE
test-1214	TRUE	FALSE
test-1215	FALSE	TRUE
test-1216	FALSE	TRUE
test-1217	FALSE	TRUE
test-1218	FALSE	TRUE
test-1219	TRUE	FALSE
test-1220	TRUE	FALSE
test-1221	FALSE	TRUE
test-1222	FALSE	TRUE
test-1223	TRUE	FALSE
test-1224	TRUE	FALSE
test-1225	FALSE	TRUE
test-1226	FALSE	TRUE
test-1227	FALSE	TRUE
test-1228	TRUE	FALSE
test-1229	TRUE	FALSE
test-1230	TRUE	FALSE
test-1231	FALSE	TRUE
test-1232	FALSE	TRUE
test-1233	TRUE	FALSE
test-1234	FALSE	TRUE
test-1235	TRUE	FALSE
test-1236	TRUE	FALSE
test-1237	FALSE	TRUE
test-1238	FALSE	TRUE
test-1239	TRUE	FALSE
test-1240	TRUE	FALSE
test-1241	FALSE	TRUE
test-1242	FALSE	TRUE
test-1243	FALSE	TRUE
test-1244	TRUE	FALSE
test-1245	TRUE	FALSE
test-1246	FALSE	TRUE
test-1247	TRUE	FALSE
test-1248	FALSE	TRUE
test-1249	TRUE	FALSE
test-1250	FALSE	TRUE
test-1251	TRUE	FALSE
test-1252	FALSE	TRUE
test-1253	FALSE	TRUE
test-1254	TRUE	FALSE
test-1255	FALSE	TRUE
test-1256	TRUE	FALSE
test-1257	TRUE	FALSE
test-1258	TRUE	FALSE
test-1259	TRUE	FALSE
test-1260	FALSE	TRUE
test-1261	FALSE	TRUE
test-1262	FALSE	TRUE
test-1263	FALSE	TRUE
test-1264	TRUE	FALSE
test-1265	TRUE	FALSE
test-1266	TRUE	FALSE
test-1267	TRUE	FALSE
test-1268	TRUE	FALSE
test-1269	FALSE	TRUE
test-1270	TRUE	FALSE
test-1271	FALSE	TRUE
test-1272	FALSE	TRUE
test-1273	TRUE	FALSE
test-1274	FALSE	TRUE
test-1275	FALSE	TRUE
test-1276	TRUE	FALSE
test-1277	TRUE	FALSE
test-1278	FALSE	TRUE
test-1279	FALSE	TRUE
test-1280	FALSE	TRUE
test-1281	FALSE	TRUE
test-1282	TRUE	FALSE
test-1283	FALSE	TRUE
test-1284	FALSE	TRUE
test-1285	FALSE	TRUE
test-1286	TRUE	FALSE
test-1287	TRUE	FALSE
test-1288	FALSE	TRUE
test-1289	FALSE	TRUE
test-1290	TRUE	FALSE
test-1291	TRUE	FALSE
test-1292	FALSE	TRUE
test-1293	FALSE	TRUE
test-1294	FALSE	TRUE
test-1295	TRUE	FALSE
test-1296	TRUE	FALSE
test-1297	FALSE	TRUE
test-1298	FALSE	TRUE
test-1299	TRUE	FALSE
test-1300	TRUE	FALSE
test-1301	FALSE	TRUE
test-1302	FALSE	TRUE
test-1303	TRUE	FALSE
test-1304	FALSE	TRUE
test-1305	FALSE	TRUE
test-1306	TRUE	FALSE
test-1307	TRUE	FALSE
test-1308	TRUE	FALSE
test-1309	TRUE	FALSE
test-1310	FALSE	TRUE
test-1311	TRUE	FALSE
test-1312	FALSE	TRUE
test-1313	TRUE	FALSE
test-1314	FALSE	TRUE
test-1315	FALSE	FALSE
test-1316	FALSE	TRUE
test-1317	TRUE	FALSE
test-1318	TRUE	FALSE
test-1319	FALSE	TRUE
test-1320	FALSE	TRUE
test-1321	FALSE	TRUE
test-1322	FALSE	TRUE
test-1323	FALSE	FALSE
test-1324	FALSE	TRUE
test-1325	FALSE	TRUE
test-1326	FALSE	TRUE
test-1327	FALSE	TRUE
test-1328	TRUE	FALSE
test-1329	TRUE	FALSE
test-1330	TRUE	FALSE
test-1331	TRUE	FALSE
test-1332	FALSE	TRUE
test-1333	FALSE	TRUE
test-1334	TRUE	FALSE
test-1335	TRUE	FALSE
test-1336	TRUE	FALSE
test-1337	TRUE	FALSE
test-1338	FALSE	TRUE
test-1339	FALSE	TRUE
test-1340	TRUE	FALSE
test-1341	FALSE	TRUE
test-1342	TRUE	FALSE
test-1343	TRUE	FALSE
test-1344	FALSE	TRUE
test-1345	FALSE	TRUE
test-1346	TRUE	FALSE
test-1347	TRUE	FALSE
test-1348	FALSE	TRUE
test-1349	FALSE	TRUE
test-1350	TRUE	FALSE
test-1351	FALSE	TRUE
test-1352	FALSE	TRUE
test-1353	TRUE	FALSE
test-1354	TRUE	FALSE
test-1355	FALSE	TRUE
test-1356	TRUE	FALSE
test-1357	TRUE	FALSE
test-1358	TRUE	FALSE
test-1359	FALSE	TRUE
test-1360	FALSE	TRUE
test-1361	TRUE	FALSE
test-1362	FALSE	TRUE
test-1363	TRUE	FALSE
test-1364	FALSE	TRUE
test-1365	TRUE	FALSE
test-1366	FALSE	TRUE
test-1367	TRUE	FALSE
test-1368	FALSE	TRUE
test-1369	TRUE	FALSE
test-1370	TRUE	FALSE
test-1371	FALSE	TRUE
test-1372	TRUE	FALSE
test-1373	FALSE	TRUE
test-1374	TRUE	FALSE
test-1375	FALSE	TRUE
test-1376	TRUE	FALSE
test-1377	TRUE	FALSE
test-1378	TRUE	FALSE
test-1379	FALSE	TRUE
test-1380	TRUE	FALSE
test-1381	TRUE	FALSE
test-1382	FALSE	TRUE
test-1383	FALSE	FALSE
test-1384	TRUE	FALSE
test-1385	TRUE	FALSE
test-1386	TRUE	FALSE
test-1387	TRUE	FALSE
test-1388	TRUE	FALSE
test-1389	TRUE	FALSE
test-1390	TRUE	FALSE
test-1391	TRUE	FALSE
test-1392	FALSE	TRUE
test-1393	TRUE	FALSE
test-1394	TRUE	FALSE
test-1395	TRUE	FALSE
test-1396	TRUE	FALSE
test-1397	FALSE	TRUE
test-1398	TRUE	FALSE
test-1399	FALSE	TRUE
test-1400	TRUE	FALSE
test-1401	FALSE	TRUE
test-1402	TRUE	FALSE
test-1403	TRUE	FALSE
test-1404	TRUE	FALSE
test-1405	TRUE	FALSE
test-1406	FALSE	TRUE
test-1407	FALSE	TRUE
test-1408	TRUE	FALSE
test-1409	TRUE	FALSE
test-1410	FALSE	TRUE
test-1411	TRUE	FALSE
test-1412	TRUE	FALSE
test-1413	FALSE	TRUE
test-1414	FALSE	TRUE
test-1415	FALSE	TRUE
test-1416	TRUE	FALSE
test-1417	TRUE	FALSE
test-1418	TRUE	FALSE
test-1419	FALSE	TRUE
test-1420	FALSE	TRUE
test-1421	TRUE	FALSE
test-1422	FALSE	TRUE
test-1423	TRUE	FALSE
test-1424	TRUE	FALSE
test-1425	FALSE	TRUE
test-1426	TRUE	FALSE
test-1427	FALSE	TRUE
test-1428	FALSE	TRUE
test-1429	TRUE	FALSE
test-1430	FALSE	TRUE
test-1431	TRUE	FALSE
test-1432	FALSE	TRUE
test-1433	TRUE	FALSE
test-1434	TRUE	FALSE
test-1435	FALSE	TRUE
test-1436	TRUE	FALSE
test-1437	FALSE	TRUE
test-1438	TRUE	FALSE
test-1439	FALSE	TRUE
test-1440	FALSE	FALSE
test-1441	FALSE	FALSE
test-1442	FALSE	TRUE
test-1443	TRUE	FALSE
test-1444	FALSE	TRUE
test-1445	FALSE	TRUE
test-1446	FALSE	TRUE
test-1447	TRUE	FALSE
test-1448	TRUE	FALSE
test-1449	TRUE	FALSE
test-1450	FALSE	FALSE
test-1451	FALSE	TRUE
test-1452	TRUE	FALSE
test-1453	FALSE	TRUE
test-1454	FALSE	TRUE
test-1455	TRUE	FALSE
test-1456	TRUE	FALSE
test-1457	FALSE	TRUE
test-1458	FALSE	TRUE
test-1459	TRUE	FALSE
test-1460	FALSE	TRUE
test-1461	TRUE	FALSE
test-1462	TRUE	FALSE
test-1463	TRUE	FALSE
test-1464	FALSE	TRUE
test-1465	TRUE	FALSE
test-1466	TRUE	FALSE
test-1467	FALSE	TRUE
test-1468	FALSE	TRUE
test-1469	TRUE	FALSE
test-1470	FALSE	TRUE
test-1471	FALSE	TRUE
test-1472	TRUE	FALSE
test-1473	TRUE	FALSE
test-1474	TRUE	FALSE
test-1475	TRUE	FALSE
test-1476	FALSE	TRUE
test-1477	FALSE	TRUE
test-1478	TRUE	FALSE
test-1479	TRUE	FALSE
test-1480	TRUE	FALSE
test-1481	FALSE	TRUE
test-1482	FALSE	TRUE
test-1483	FALSE	TRUE
test-1484	TRUE	FALSE
test-1485	FALSE	TRUE
test-1486	TRUE	FALSE
test-1487	FALSE	TRUE
test-1488	FALSE	TRUE
test-1489	TRUE	FALSE
test-1490	TRUE	FALSE
test-1491	TRUE	FALSE
test-1492	FALSE	TRUE
test-1493	TRUE	FALSE
test-1494	TRUE	FALSE
test-1495	TRUE	FALSE
test-1496	TRUE	FALSE
test-1497	TRUE	FALSE
test-1498	TRUE	FALSE
test-1499	FALSE	TRUE
test-1500	FALSE	TRUE
test-1501	TRUE	FALSE
test-1502	TRUE	FALSE
test-1503	FALSE	TRUE
test-1504	FALSE	TRUE
test-1505	TRUE	FALSE
test-1506	FALSE	TRUE
test-1507	TRUE	FALSE
test-1508	FALSE	TRUE
test-1509	TRUE	FALSE
test-1510	TRUE	FALSE
test-1511	TRUE	FALSE
test-1512	FALSE	TRUE
test-1513	TRUE	FALSE
test-1514	FALSE	TRUE
test-1515	FALSE	TRUE
test-1516	TRUE	FALSE
test-1517	TRUE	FALSE
test-1518	TRUE	FALSE
test-1519	FALSE	TRUE
test-1520	TRUE	FALSE
test-1521	TRUE	FALSE
test-1522	TRUE	FALSE
test-1523	FALSE	TRUE
test-1524	TRUE	FALSE
test-1525	FALSE	TRUE
test-1526	FALSE	TRUE
test-1527	TRUE	FALSE
test-1528	FALSE	TRUE
test-1529	TRUE	FALSE
test-1530	FALSE	TRUE
test-1531	FALSE	TRUE
test-1532	FALSE	TRUE
test-1533	TRUE	FALSE
test-1534	TRUE	FALSE
test-1535	FALSE	TRUE
test-1536	TRUE	FALSE
test-1537	FALSE	TRUE
test-1538	FALSE	TRUE
test-1539	FALSE	TRUE
test-1540	TRUE	FALSE
test-1541	TRUE	FALSE
test-1542	TRUE	FALSE
test-1543	TRUE	FALSE
test-1544	TRUE	FALSE
test-1545	FALSE	TRUE
test-1546	TRUE	FALSE
test-1547	TRUE	FALSE
test-1548	FALSE	TRUE
test-1549	FALSE	TRUE
test-1550	TRUE	FALSE
test-1551	TRUE	FALSE
test-1552	TRUE	FALSE
test-1553	TRUE	FALSE
test-1554	FALSE	TRUE
test-1555	TRUE	FALSE
test-1556	FALSE	TRUE
test-1557	TRUE	FALSE
test-1558	TRUE	FALSE
test-1559	TRUE	FALSE
test-1560	TRUE	FALSE
test-1561	FALSE	TRUE
test-1562	FALSE	TRUE
test-1563	TRUE	FALSE
test-1564	FALSE	TRUE
test-1565	TRUE	FALSE
test-1566	TRUE	FALSE
test-1567	TRUE	FALSE
test-1568	FALSE	TRUE
test-1569	FALSE	TRUE
test-1570	FALSE	TRUE
test-1571	TRUE	FALSE
test-1572	TRUE	FALSE
test-1573	TRUE	FALSE
test-1574	FALSE	TRUE
test-1575	TRUE	FALSE
test-1576	FALSE	TRUE
test-1577	TRUE	FALSE
test-1578	TRUE	FALSE
test-1579	FALSE	TRUE
test-1580	TRUE	FALSE
test-1581	FALSE	TRUE
test-1582	FALSE	TRUE
test-1583	TRUE	FALSE
test-1584	FALSE	TRUE
test-1585	TRUE	FALSE
test-1586	TRUE	FALSE
test-1587	TRUE	FALSE
test-1588	TRUE	FALSE
test-1589	TRUE	FALSE
test-1590	FALSE	TRUE
test-1591	FALSE	TRUE
test-1592	TRUE	FALSE
test-1593	FALSE	TRUE
test-1594	TRUE	FALSE
test-1595	FALSE	TRUE
test-1596	TRUE	FALSE
test-1597	FALSE	TRUE
test-1598	TRUE	FALSE
test-1599	TRUE	FALSE
test-1600	FALSE	TRUE
test-1601	FALSE	TRUE
test-1602	TRUE	FALSE
test-1603	FALSE	TRUE
test-1604	FALSE	TRUE
test-1605	FALSE	TRUE
test-1606	TRUE	FALSE
test-1607	FALSE	TRUE
test-1608	FALSE	TRUE
test-1609	FALSE	TRUE
test-1610	FALSE	TRUE
test-1611	FALSE	TRUE
test-1612	FALSE	TRUE
test-1613	FALSE	TRUE
test-1614	TRUE	FALSE
test-1615	TRUE	FALSE
test-1616	TRUE	FALSE
test-1617	FALSE	TRUE
test-1618	FALSE	TRUE
test-1619	FALSE	TRUE
test-1620	TRUE	FALSE
test-1621	FALSE	TRUE
test-1622	TRUE	FALSE
test-1623	FALSE	TRUE
test-1624	TRUE	FALSE
test-1625	FALSE	TRUE
test-1626	TRUE	FALSE
test-1627	TRUE	FALSE
test-1628	TRUE	FALSE
test-1629	FALSE	TRUE
test-1630	FALSE	TRUE
test-1631	TRUE	FALSE
test-1632	FALSE	TRUE
test-1633	FALSE	TRUE
test-1634	FALSE	TRUE
test-1635	TRUE	FALSE
test-1636	TRUE	FALSE
test-1637	TRUE	FALSE
test-1638	TRUE	FALSE
test-1639	FALSE	TRUE
test-1640	TRUE	FALSE
test-1641	TRUE	FALSE
test-1642	TRUE	FALSE
test-1643	TRUE	FALSE
test-1644	TRUE	FALSE
test-1645	TRUE	FALSE
test-1646	FALSE	TRUE
test-1647	FALSE	TRUE
test-1648	TRUE	FALSE
test-1649	FALSE	TRUE
test-1650	TRUE	FALSE
test-1651	FALSE	TRUE
test-1652	TRUE	FALSE
test-1653	TRUE	FALSE
test-1654	TRUE	FALSE
test-1655	TRUE	FALSE
test-1656	FALSE	TRUE
test-1657	TRUE	FALSE
test-1658	FALSE	TRUE
test-1659	TRUE	FALSE
test-1660	TRUE	FALSE
test-1661	FALSE	TRUE
test-1662	TRUE	FALSE
test-1663	TRUE	FALSE
test-1664	FALSE	TRUE
test-1665	TRUE	FALSE
test-1666	FALSE	TRUE
test-1667	TRUE	FALSE
test-1668	TRUE	FALSE
test-1669	TRUE	FALSE
test-1670	FALSE	TRUE
test-1671	TRUE	FALSE
test-1672	FALSE	TRUE
test-1673	TRUE	FALSE
test-1674	FALSE	TRUE
test-1675	FALSE	TRUE
test-1676	TRUE	FALSE
test-1677	FALSE	TRUE
test-1678	TRUE	FALSE
test-1679	TRUE	FALSE
test-1680	FALSE	TRUE
test-1681	FALSE	TRUE
test-1682	TRUE	FALSE
test-1683	TRUE	FALSE
test-1684	TRUE	FALSE
test-1685	FALSE	TRUE
test-1686	TRUE	FALSE
test-1687	TRUE	FALSE
test-1688	TRUE	FALSE
test-1689	FALSE	TRUE
test-1690	TRUE	FALSE
test-1691	FALSE	TRUE
test-1692	TRUE	FALSE
test-1693	TRUE	FALSE
test-1694	FALSE	TRUE
test-1695	TRUE	FALSE
test-1696	TRUE	FALSE
test-1697	TRUE	FALSE
test-1698	TRUE	FALSE
test-1699	TRUE	FALSE
test-1700	TRUE	FALSE
test-1701	TRUE	FALSE
test-1702	FALSE	TRUE
test-1703	FALSE	TRUE
test-1704	FALSE	FALSE
test-1705	FALSE	FALSE
test-1706	TRUE	FALSE
test-1707	TRUE	FALSE
test-1708	FALSE	TRUE
test-1709	TRUE	FALSE
test-1710	TRUE	FALSE
test-1711	TRUE	FALSE
test-1712	TRUE	FALSE
test-1713	TRUE	FALSE
test-1714	FALSE	TRUE
test-1715	FALSE	TRUE
test-1716	TRUE	FALSE
test-1717	TRUE	FALSE
test-1718	TRUE	FALSE
test-1719	TRUE	FALSE
test-1720	FALSE	TRUE
test-1721	FALSE	TRUE
test-1722	FALSE	TRUE
test-1723	TRUE	FALSE
test-1724	TRUE	FALSE
test-1725	FALSE	TRUE
test-1726	FALSE	TRUE
test-1727	FALSE	TRUE
test-1728	TRUE	FALSE
test-1729	TRUE	FALSE
test-1730	TRUE	FALSE
test-1731	FALSE	TRUE
test-1732	FALSE	TRUE
test-1733	TRUE	FALSE
test-1734	TRUE	FALSE
test-1735	FALSE	TRUE
test-1736	TRUE	FALSE
test-1737	FALSE	TRUE
test-1738	TRUE	FALSE
test-1739	TRUE	FALSE
test-1740	FALSE	TRUE
test-1741	TRUE	FALSE
test-1742	TRUE	FALSE
test-1743	TRUE	FALSE
test-1744	FALSE	TRUE
test-1745	TRUE	FALSE
test-1746	TRUE	FALSE
test-1747	TRUE	FALSE
test-1748	TRUE	FALSE
test-1749	TRUE	FALSE
test-1750	TRUE	FALSE
test-1751	TRUE	FALSE
test-1752	TRUE	FALSE
test-1753	FALSE	TRUE
test-1754	FALSE	TRUE
test-1755	FALSE	FALSE
test-1756	TRUE	FALSE
test-1757	TRUE	FALSE
test-1758	TRUE	FALSE
test-1759	TRUE	FALSE
test-1760	TRUE	FALSE
test-1761	TRUE	FALSE
test-1762	TRUE	FALSE
test-1763	TRUE	FALSE
test-1764	TRUE	FALSE
test-1765	TRUE	FALSE
test-1766	TRUE	FALSE
test-1767	FALSE	TRUE
test-1768	FALSE	TRUE
test-1769	FALSE	TRUE
test-1770	TRUE	FALSE
test-1771	TRUE	FALSE
test-1772	TRUE	FALSE
test-1773	FALSE	TRUE
test-1774	TRUE	FALSE
test-1775	TRUE	FALSE
test-1776	FALSE	TRUE
test-1777	FALSE	TRUE
test-1778	TRUE	FALSE
test-1779	FALSE	FALSE
test-1780	FALSE	TRUE
test-1781	FALSE	TRUE
test-1782	FALSE	TRUE
test-1783	TRUE	FALSE
test-1784	TRUE	FALSE
test-1785	FALSE	FALSE
test-1786	TRUE	FALSE
test-1787	TRUE	FALSE
test-1788	TRUE	FALSE
test-1789	TRUE	FALSE
test-1790	TRUE	FALSE
test-1791	TRUE	FALSE
test-1792	TRUE	FALSE
test-1793	TRUE	FALSE
test-1794	FALSE	TRUE
test-1795	TRUE	FALSE
test-1796	TRUE	FALSE
test-1797	FALSE	TRUE
test-1798	FALSE	TRUE
test-1799	FALSE	TRUE
test-1800	FALSE	TRUE
test-1801	TRUE	FALSE
test-1802	TRUE	FALSE
test-1803	TRUE	FALSE
test-1804	TRUE	FALSE
test-1805	TRUE	FALSE
test-1806	TRUE	FALSE
test-1807	FALSE	TRUE
test-1808	TRUE	FALSE
test-1809	TRUE	FALSE
test-1810	TRUE	FALSE
test-1811	TRUE	FALSE
test-1812	TRUE	FALSE
test-1813	TRUE	FALSE
test-1814	TRUE	FALSE
test-1815	TRUE	FALSE
test-1816	FALSE	TRUE
test-1817	FALSE	TRUE
test-1818	FALSE	TRUE
test-1819	FALSE	TRUE
test-1820	TRUE	FALSE
test-1821	TRUE	FALSE
test-1822	TRUE	FALSE
test-1823	FALSE	TRUE
test-1824	FALSE	TRUE
test-1825	TRUE	FALSE
test-1826	TRUE	FALSE
test-1827	TRUE	FALSE
test-1828	FALSE	TRUE
test-1829	TRUE	FALSE
test-1830	FALSE	TRUE
test-1831	TRUE	FALSE
test-1832	FALSE	TRUE
test-1833	TRUE	FALSE
test-1834	TRUE	FALSE
test-1835	FALSE	TRUE
test-1836	TRUE	FALSE
test-1837	TRUE	FALSE
test-1838	TRUE	FALSE
test-1839	TRUE	FALSE
test-1840	FALSE	TRUE
test-1841	TRUE	FALSE
test-1842	TRUE	FALSE
test-1843	TRUE	FALSE
test-1844	FALSE	TRUE
test-1845	FALSE	TRUE
test-1846	TRUE	FALSE
test-1847	TRUE	FALSE
test-1848	FALSE	TRUE
test-1849	FALSE	TRUE
test-1850	TRUE	FALSE
test-1851	FALSE	TRUE
test-1852	FALSE	TRUE
test-1853	TRUE	FALSE
test-1854	TRUE	FALSE
test-1855	TRUE	FALSE
test-1856	TRUE	FALSE
test-1857	FALSE	TRUE
test-1858	TRUE	FALSE
test-1859	FALSE	TRUE
test-1860	TRUE	FALSE
test-1861	TRUE	FALSE
test-1862	FALSE	TRUE
test-1863	TRUE	FALSE
test-1864	FALSE	TRUE
test-1865	FALSE	TRUE
test-1866	FALSE	TRUE
test-1867	FALSE	TRUE
test-1868	FALSE	TRUE
test-1869	FALSE	TRUE
test-1870	FALSE	TRUE
test-1871	TRUE	FALSE
test-1872	FALSE	TRUE
test-1873	TRUE	FALSE
test-1874	TRUE	FALSE
test-1875	FALSE	TRUE
test-1876	FALSE	TRUE
test-1877	TRUE	FALSE
test-1878	TRUE	FALSE
test-1879	TRUE	FALSE
test-1880	FALSE	TRUE
test-1881	FALSE	TRUE
test-1882	FALSE	TRUE
test-1883	FALSE	TRUE
test-1884	TRUE	FALSE
test-1885	TRUE	FALSE
test-1886	TRUE	FALSE
test-1887	TRUE	FALSE
test-1888	TRUE	FALSE
test-1889	TRUE	FALSE
test-1890	TRUE	FALSE
test-1891	FALSE	TRUE
test-1892	FALSE	TRUE
test-1893	TRUE	FALSE
test-1894	TRUE	FALSE
test-1895	TRUE	FALSE
test-1896	TRUE	FALSE
test-1897	FALSE	TRUE
test-1898	FALSE	TRUE
test-1899	TRUE	FALSE
test-1900	TRUE	FALSE
test-1901	FALSE	TRUE
test-1902	TRUE	FALSE
test-1903	TRUE	FALSE
test-1904	FALSE	TRUE
test-1905	FALSE	TRUE
test-1906	TRUE	FALSE
test-1907	TRUE	FALSE
test-1908	FALSE	TRUE
test-1909	TRUE	FALSE
test-1910	TRUE	FALSE
test-1911	TRUE	FALSE
test-1912	TRUE	FALSE
test-1913	TRUE	FALSE
test-1914	FALSE	TRUE
test-1915	TRUE	FALSE
test-1916	FALSE	TRUE
test-1917	TRUE	FALSE
test-1918	FALSE	TRUE
test-1919	FALSE	TRUE
test-1920	TRUE	TRUE
test-1921	TRUE	FALSE
test-1922	TRUE	FALSE
test-1923	FALSE	TRUE
test-1924	FALSE	TRUE
test-1925	TRUE	FALSE
test-1926	TRUE	FALSE
test-1927	FALSE	TRUE
test-1928	TRUE	FALSE
test-1929	TRUE	FALSE
test-1930	TRUE	FALSE
test-1931	FALSE	TRUE
test-1932	TRUE	FALSE
test-1933	FALSE	TRUE
test-1934	TRUE	FALSE
test-1935	TRUE	FALSE
test-1936	TRUE	FALSE
test-1937	TRUE	FALSE
test-1938	TRUE	FALSE
test-1939	TRUE	FALSE
test-1940	TRUE	FALSE
test-1941	FALSE	TRUE
test-1942	TRUE	FALSE
test-1943	FALSE	TRUE
test-1944	TRUE	FALSE
test-1945	TRUE	FALSE
test-1946	TRUE	FALSE
test-1947	FALSE	TRUE
test-1948	FALSE	TRUE
test-1949	TRUE	FALSE
test-1950	FALSE	TRUE
test-1951	TRUE	FALSE
test-1952	TRUE	FALSE
test-1953	TRUE	FALSE
test-1954	FALSE	TRUE
test-1955	FALSE	TRUE
test-1956	TRUE	FALSE
test-1957	FALSE	TRUE
test-1958	FALSE	TRUE
test-1959	FALSE	TRUE
test-1960	TRUE	FALSE
test-1961	FALSE	TRUE
test-1962	FALSE	TRUE
test-1963	FALSE	TRUE
test-1964	TRUE	FALSE
test-1965	FALSE	TRUE
test-1966	FALSE	TRUE
test-1967	FALSE	TRUE
test-1968	FALSE	TRUE
test-1969	FALSE	TRUE
test-1970	TRUE	FALSE
test-1971	FALSE	TRUE
test-1972	FALSE	TRUE
test-1973	TRUE	FALSE
test-1974	FALSE	TRUE
test-1975	FALSE	TRUE
test-1976	TRUE	FALSE
test-1977	TRUE	FALSE
test-1978	TRUE	FALSE
test-1979	TRUE	FALSE
test-1980	TRUE	FALSE
test-1981	FALSE	TRUE
test-1982	TRUE	FALSE
test-1983	TRUE	FALSE
test-1984	FALSE	TRUE
test-1985	TRUE	FALSE
test-1986	TRUE	FALSE
test-1987	TRUE	FALSE
test-1988	TRUE	FALSE
test-1989	FALSE	TRUE
test-1990	FALSE	TRUE
test-1991	FALSE	TRUE
test-1992	FALSE	TRUE
test-1993	FALSE	TRUE
test-1994	FALSE	TRUE
test-1995	TRUE	FALSE
test-1996	TRUE	FALSE
test-1997	FALSE	TRUE
test-1998	TRUE	FALSE
test-1999	TRUE	FALSE
test-2000	TRUE	FALSE
